{
	"key": "_index",
	"bounds": {
		"north": -32.54681317351516,
		"west": 149.94140625,
		"south": -34.885930940753155,
		"east": 152.40234375
	},
	"markers": [
		{
			"key": "annabay-worimi-stockton",
			"type": "trophy",
			"photo": "001_p3224343_p3224344.jpg",
			"lon": 151.9610443972656,
			"lat": -32.80925637778527,
			"radius": 0.0004,
			"description": "The Tin City beach huts are one of the very few breaks in the endless monotony of 27 kilometres of beach, but also not.",
			"title": "Are We There Yet?",
			"badge": "count_new"
		},
		{
			"key": "berowra-crosslands-asquith",
			"type": "trophy",
			"photo": "pb260161.jpg",
			"lon": 151.0852692848733,
			"lat": -33.67955093920438,
			"radius": 0.0004,
			"description": "A historic military bridge, out here as a surprise outdoor museum piece.",
			"title": "It Belongs in a Museum",
			"badge": "bridge_1"
		},
		{
			"key": "blackheath-bluegumforest-blackheath",
			"type": "trophy",
			"photo": "002_p9215089.jpg",
			"lon": 150.3467138888889,
			"lat": -33.621966666666665,
			"radius": 0.0004,
			"description": "This is legitimately the middle of nowhere, with only solitude surrounding you. May it comfort you during the long long climb ahead.",
			"title": "You've Come a Long Way Baby",
			"badge": "compas_2"
		},
		{
			"key": "bondi-sydneyharbour-manly",
			"type": "trophy",
			"photo": "006_pxl_20231001_215735630.jpg",
			"lon": 151.24102499999998,
			"lat": -33.845534,
			"radius": 0.0004,
			"description": "Rarely there is a zoo that is as enjoyable from the outside.",
			"title": "You Belong in the Zoo",
			"badge": "monkey"
		},
		{
			"key": "bundeena-royalcoasttrack-otford",
			"type": "trophy",
			"photo": "p9285789_p9285791.jpg",
			"lon": 151.0766564,
			"lat": -34.1665323,
			"radius": 0.0004,
			"description": "Even after many kilometres of coast, this place still manages to astonish.",
			"title": "Tadaa!",
			"badge": "wizard_1"
		},
		{
			"key": "bundeena-winifredfalls-loftus",
			"type": "trophy",
			"photo": "p5240456.jpg",
			"lon": 151.083762,
			"lat": -34.093424,
			"radius": 0.0004,
			"description": "It's rarely more than a trickle, but it's here exclusively for ones as adventurous as you.",
			"title": "Ah! Nice Falls",
			"badge": "water"
		},
		{
			"key": "cowan-jerusalembay-brooklyn",
			"type": "trophy",
			"photo": "001_p7058998_001_p7059002.jpg",
			"lon": 151.2138850276913,
			"lat": -33.58264408577045,
			"radius": 0.0004,
			"description": "Every point is the top, depending on how you rotate it.",
			"title": "The Top of the World",
			"badge": "geography_globe"
		},
		{
			"key": "cowan-jerusalembay-brooklyn",
			"type": "trophy",
			"photo": "002_img_20190901_085901.jpg",
			"lon": 151.2285972,
			"lat": -33.5851722,
			"radius": 0.0004,
			"description": "Not many come here, but Taffy did.",
			"title": "Taffy Was Here",
			"badge": "obelisk"
		},
		{
			"key": "cowan-jerusalembay-brooklyn",
			"type": "trophy",
			"photo": "003_p7059278_003_p7059287.jpg",
			"lon": 151.1997894958327,
			"lat": -33.55472321296468,
			"radius": 0.0004,
			"description": "You'll be around the hairpin bend downhill, before you realise this hidden view is worth turnning back for.",
			"title": "Blink and You'll Miss It ",
			"badge": "glasses"
		},
		{
			"key": "glenbrook-redhandcave-glenbrook",
			"type": "trophy",
			"photo": "p7250181_p7250183.jpg",
			"lon": 150.6169320721852,
			"lat": -33.79894155167245,
			"radius": 0.0004,
			"description": "Neither campers nor eastern greys can resist these grassy fields.",
			"title": "I was Promised Kangaroos",
			"badge": "hovel_1"
		},
		{
			"key": "glenbrook-redhandcave-glenbrook",
			"type": "trophy",
			"photo": "p7250266_p7250270.jpg",
			"lon": 150.6276634120437,
			"lat": -33.78381702230462,
			"radius": 0.0004,
			"description": "If you stand around long enough, there will probably be a train across the valley.",
			"title": "So where is it?",
			"badge": "search"
		},
		{
			"key": "hornsby-cumberland-parramatta",
			"type": "trophy",
			"photo": "1630_dcs_7312_dcs_7317.jpg",
			"lon": 151.00509722222222,
			"lat": -33.775844444444445,
			"radius": 0.0004,
			"description": "The sudden towering walls make for an unexpected surprise walking along the gully.",
			"title": "Dammed by Faint Praise",
			"badge": "bridge_2"
		},
		{
			"key": "katoomba-kedumbapass-wentworthfalls",
			"type": "trophy",
			"photo": "p6077982_dsc_3099.jpg",
			"lon": 150.378324,
			"lat": -33.783254,
			"radius": 0.0004,
			"description": "If you've just walked up the pass, this monument built out of bulldozer fragments will paint a vivid picture of the tragic accident that is memorialised.",
			"title": "None Shall Pass",
			"badge": "bulldozer"
		},
		{
			"key": "lakehaven-munmorah-swansea",
			"type": "trophy",
			"photo": "dsc_8492_pxl_20230915_232946606_pano.jpg",
			"lon": 151.5330840578785,
			"lat": -33.23742278283818,
			"radius": 0.0004,
			"description": "A welcome break with a view halfway to Budgewoi.",
			"title": "All Jetties Short and Long: Matumba",
			"badge": "elevation_5"
		},
		{
			"key": "lakehaven-munmorah-swansea",
			"type": "trophy",
			"photo": "dsc_8721-dsc_8726.jpg",
			"lon": 151.628035752481,
			"lat": -33.18588747665788,
			"radius": 0.0004,
			"description": "Less famous than Kiama's, but they can only wish they had these beaches.",
			"title": "The Other Hole",
			"badge": "sink_bathroom"
		},
		{
			"key": "mittagong-boxvaletrack-mittagong",
			"type": "trophy",
			"photo": "p5070429.jpg",
			"lon": 150.4307910362136,
			"lat": -34.41540836695404,
			"radius": 0.0004,
			"description": "At least they were helpful enough to throw a coil of steel wire down. Heaven forbid it rusts.",
			"title": "Never Again",
			"badge": "escalator"
		},
		{
			"key": "mittagong-pictonloop-tahmoor",
			"type": "trophy",
			"photo": "dsc_2953_dsc_2963.jpg",
			"lon": 150.4875578509916,
			"lat": -34.40035068976342,
			"radius": 0.0004,
			"description": "All aboard for a journey down railway history.",
			"title": "Slow Train to Nowhere: Colo Vale",
			"badge": "tank_2"
		},
		{
			"key": "mittagong-pictonloop-tahmoor",
			"type": "trophy",
			"photo": "dsc_3012_dsc_3022.jpg",
			"lon": 150.49442641706,
			"lat": -34.35359189874801,
			"radius": 0.0004,
			"description": "Load up on supplies at this stop. The journey is about to get remote, but definitely not off the beaten track.",
			"title": "Slow Train to Nowhere: Hilltop",
			"badge": "tank_2"
		},
		{
			"key": "mittagong-pictonloop-tahmoor",
			"type": "trophy",
			"photo": "dsc_3074.jpg",
			"lon": 150.5225556,
			"lat": -34.3054639,
			"radius": 0.0004,
			"description": "If the fire station keeps goats, it should count as rural New South Wales.",
			"title": "Slow Train to Nowhere: Balmoral",
			"badge": "tank_2"
		},
		{
			"key": "mittagong-pictonloop-tahmoor",
			"type": "trophy",
			"photo": "dsc_3091_dsc_3101.jpg",
			"lon": 150.5334083,
			"lat": -34.2555167,
			"radius": 0.0004,
			"description": "The icecream and snacks from the general store are well deserved by now.",
			"title": "Slow Train to Nowhere: Buxton",
			"badge": "tank_2"
		},
		{
			"key": "mittagong-pictonloop-tahmoor",
			"type": "trophy",
			"photo": "dsc_3109_dsc_3119.jpg",
			"lon": 150.5496444,
			"lat": -34.2328889,
			"radius": 0.0004,
			"description": "From this remnant historic station, thoughts turn to making our connection at the functional one just over an hour from here on foot.",
			"title": "Slow Train to Nowhere: Couridjah",
			"badge": "tank_2"
		},
		{
			"key": "mtkuringgai-berowra-mtkuringgai",
			"type": "trophy",
			"photo": "p5045995.jpg",
			"lon": 151.147943,
			"lat": -33.649026,
			"radius": 0.0004,
			"description": "This memorial reminds us how treacherous this landscape becomes during bushfires.",
			"title": "Fireman's Rest",
			"badge": "flower_3"
		},
		{
			"key": "mtkuringgai-berowra-mtkuringgai",
			"type": "trophy",
			"photo": "p5046258.jpg",
			"lon": 151.164749,
			"lat": -33.627075,
			"radius": 0.0004,
			"description": "The paddle steamer General Gordon ferried goods and passengers around Broken Bay before the railway joined Brooklyn to Woy Woy. Upon retirement she was split up into several house boats, what is left of one you see here.",
			"title": "The General's Last Stand",
			"badge": "army_training"
		},
		{
			"key": "mtkuringgai-garigal-roseville",
			"type": "trophy",
			"photo": "p8182671.jpg",
			"lon": 151.1750112399964,
			"lat": -33.70779160997733,
			"radius": 0.0004,
			"description": "The irony of walking kilometres through wildflowers to get to a wildflower garden does not diminish it.",
			"title": "You've Seen More Flowers on the Way Here",
			"badge": "flowers"
		},
		{
			"key": "mtvictoria-hassanswalls-lithgow",
			"type": "trophy",
			"photo": "0350_dsc_2003.jpg",
			"lon": 150.2005471825524,
			"lat": -33.52769530536342,
			"radius": 0.0004,
			"description": "For the surveyor it must have been frustrating to see a misunderstading paint the landscape forever.",
			"title": "He Wrote Rivulet",
			"badge": "pen"
		},
		{
			"key": "nelsonbay-tomaree-annabay",
			"type": "trophy",
			"photo": "002_dsc_1764.jpg",
			"lon": 152.1786321851128,
			"lat": -32.73720313825261,
			"radius": 0.0004,
			"description": "The impressive view from exactly this dune, make the Fingal Spit look irresistible.",
			"title": "Tempting, but don't Risk It",
			"badge": "skull_and_bones"
		},
		{
			"key": "nelsonbay-tomaree-annabay",
			"type": "trophy",
			"photo": "008_dsc_1883.jpg",
			"lon": 152.1421952149484,
			"lat": -32.74694053020608,
			"radius": 0.0004,
			"description": "In case you were wondering where Nelson Bay gets its water from.",
			"title": "The Boring Part",
			"badge": "drill_perforator"
		},
		{
			"key": "otford-grandpacificwalk-wollongong",
			"type": "trophy",
			"photo": "pxl_20230901_233455513.jpg",
			"lon": 150.972964,
			"lat": -34.255878,
			"radius": 0.0004,
			"description": "The temporary answer to the Illwarra crumbling into the ocean.",
			"title": "Between a Rock and a Hard Place",
			"badge": "skyway"
		},
		{
			"key": "otford-grandpacificwalk-wollongong",
			"type": "trophy",
			"photo": "pxl_20230902_002912013.jpg",
			"lon": 150.95069999999998,
			"lat": -34.285055,
			"radius": 0.0004,
			"description": "The most wholesome pun along the Grand Pacific Drive.",
			"title": "Oh, I get it: Friend-Ship",
			"badge": "smile_wink"
		},
		{
			"key": "parramatta-greatwestwalk-penrith",
			"type": "trophy",
			"photo": "0110_img_20191019_062530.jpg",
			"lon": 150.99744199999998,
			"lat": -33.803808,
			"radius": 0.0004,
			"description": "A thought for those inside the nearby hospital, while we are lucky to enjoy our health along the lush green riverside.",
			"title": "Go West: Wisteria Gardens",
			"badge": "compas_1"
		},
		{
			"key": "parramatta-greatwestwalk-penrith",
			"type": "trophy",
			"photo": "0690_img_20191019_081819.jpg",
			"lon": 150.95563099999998,
			"lat": -33.78109700010452,
			"radius": 0.0004,
			"description": "You will be back here on the other side... eventually.",
			"title": "Go West: Tempting Shortcut",
			"badge": "compas_1"
		},
		{
			"key": "parramatta-greatwestwalk-penrith",
			"type": "trophy",
			"photo": "1400_img_20191019_105002.jpg",
			"lon": 150.87104200000002,
			"lat": -33.736303,
			"radius": 0.0004,
			"description": "A band of green on the way out of the city that feels like breathing a sigh of relief.",
			"title": "Go West: Strolling in the Park",
			"badge": "compas_1"
		},
		{
			"key": "parramatta-greatwestwalk-penrith",
			"type": "trophy",
			"photo": "1670_pano_20191019_120014.jpg",
			"lon": 150.860028,
			"lat": -33.763458,
			"radius": 0.0004,
			"description": "A Chinese Garden surrounded by bushland and seemingly no one the wiser it even exists.",
			"title": "Go West: Didn't Know It Existed",
			"badge": "compas_1"
		},
		{
			"key": "parramatta-greatwestwalk-penrith",
			"type": "trophy",
			"photo": "2210_img_20191019_143246.jpg",
			"lon": 150.8015974320838,
			"lat": -33.76326655370499,
			"radius": 0.0004,
			"description": "You climb through a fence to continue the trail, perfectly in keeping with the reputation.",
			"title": "Go West: Survived Mount Druitt",
			"badge": "compas_1"
		},
		{
			"key": "parramatta-greatwestwalk-penrith",
			"type": "trophy",
			"photo": "2600_img_20191019_154703.jpg",
			"lon": 150.77684200000002,
			"lat": -33.725481,
			"radius": 0.0004,
			"description": "There's now emus where the bombs used to be made. It is clear who was the winner of the Emu wars.",
			"title": "Go West: Emus and Bombs",
			"badge": "compas_1"
		},
		{
			"key": "parramatta-greatwestwalk-penrith",
			"type": "trophy",
			"photo": "3580_pano_20191019_184124.jpg",
			"lon": 150.6852837769118,
			"lat": -33.7415830753694,
			"radius": 0.0004,
			"description": "This stretch along the river is to celebrate putting most of Sydney behind you in a day.",
			"title": "Go West: Weir Almost There",
			"badge": "compas_1"
		},
		{
			"key": "portkembla-grandpacificdrive-kiama",
			"type": "trophy",
			"photo": "PC289600.jpg",
			"lon": 150.8400771350448,
			"lat": -34.6066732670053,
			"radius": 0.0004,
			"description": "As tempting as it is to throw in the towel right here, the next functioning train station is all the way through the wetlands ahead.",
			"title": "The Train Does Not Stop Here Anymore",
			"badge": "tank_1"
		},
		{
			"key": "portkembla-grandpacificdrive-kiama",
			"type": "trophy",
			"photo": "pc289656_pc289671.jpg",
			"lon": 150.8608821863694,
			"lat": -34.63073175185122,
			"radius": 0.0004,
			"description": "It'll never fit in a single view, too wide for your vision to contain.",
			"title": "Too Big for the Photo",
			"badge": "crop"
		},
		{
			"key": "springwood-bluegumswamp-richmond",
			"type": "trophy",
			"photo": "105_p4080127.jpg",
			"lon": 150.6157016978932,
			"lat": -33.6233346960489,
			"radius": 0.0004,
			"description": "Leave a friendly note in the geocache logbook. That it can lie here undisturbed means you're in a special place.",
			"title": "Shhh, it's a Secret",
			"badge": "map_2_inv"
		},
		{
			"key": "springwood-lostworldlookout-glenbrook",
			"type": "trophy",
			"photo": "131_p5270168_p5270171_hdr.jpg",
			"lon": 150.5731112426449,
			"lat": -33.74012684182669,
			"radius": 0.0004,
			"description": "It's hard not to look upon this view without reverence.",
			"title": "X marks the spot",
			"badge": "church"
		},
		{
			"key": "springwood-lostworldlookout-glenbrook",
			"type": "trophy",
			"photo": "198_r0012574.jpg",
			"lon": 150.60349722222222,
			"lat": -33.76660277777778,
			"radius": 0.0004,
			"description": "Maybe you can jump it, but who would want to finish their walk in wet shoes.",
			"title": "Mandatory Foot Bath",
			"badge": "duck_rubberduck"
		},
		{
			"key": "teralba-fernleightrack-adamstown",
			"type": "trophy",
			"photo": "001_pxl_20240120_010413100.jpg",
			"lon": 151.6613161295524,
			"lat": -33.03900889600782,
			"radius": 0.0004,
			"description": "The start of the Fernleigh railway line, but also the start of an historic trek.",
			"title": "I'm a Choo Choo Train: Belmont",
			"badge": "railroad"
		},
		{
			"key": "teralba-fernleightrack-adamstown",
			"type": "trophy",
			"photo": "001_pxl_20240120_014853204.jpg",
			"lon": 151.6860486138035,
			"lat": -33.02089528519164,
			"radius": 0.0004,
			"description": "End of the wetlands and start of suburbia.",
			"title": "I'm a Choo Choo Train: Jewells",
			"badge": "railroad"
		},
		{
			"key": "teralba-fernleightrack-adamstown",
			"type": "trophy",
			"photo": "002_pxl_20230429_025920268.jpg",
			"lon": 151.7095684711388,
			"lat": -33.00581939444007,
			"radius": 0.0004,
			"description": "Alight here for Awabakal Nature Reserve and Redhead Beach.",
			"title": "I'm a Choo Choo Train: Redhead",
			"badge": "railroad"
		},
		{
			"key": "teralba-fernleightrack-adamstown",
			"type": "trophy",
			"photo": "003_IMG_20200118_084426.jpg",
			"lon": 151.7109742419769,
			"lat": -32.97788842791798,
			"radius": 0.0004,
			"description": "No longer a stop for trains, but now one for coffee and cakes up there.",
			"title": "I'm a Choo Choo Train: Whitebridge",
			"badge": "railroad"
		},
		{
			"key": "teralba-fernleightrack-adamstown",
			"type": "trophy",
			"photo": "003_pxl_20230429_042601570.jpg",
			"lon": 151.7182798705948,
			"lat": -32.96232362379441,
			"radius": 0.0004,
			"description": "Glenrock's a good reason to leave the train here.",
			"title": "I'm a Choo Choo Train: Kahibah",
			"badge": "railroad"
		},
		{
			"key": "teralba-fernleightrack-adamstown",
			"type": "trophy",
			"photo": "004_pxl_20240120_032436105.jpg",
			"lon": 151.725187539504,
			"lat": -33.01065409517184,
			"radius": 0.0004,
			"description": "The narrow tunnel of dense vegetation opens up to expansive coastal heath.",
			"title": "The Rear Entrance",
			"badge": "enter"
		},
		{
			"key": "teralba-fernleightrack-adamstown",
			"type": "trophy",
			"photo": "006_pxl_20240120_065700912.jpg",
			"lon": 151.7196822166376,
			"lat": -32.9342364320964,
			"radius": 0.0004,
			"description": "End of the line for the Fernleigh Track. From here you get to ride a real train.",
			"title": "I'm a Choo Choo Train: Adamstown",
			"badge": "railroad"
		},
		{
			"key": "tuggerah-wyrrabalong-wyong",
			"type": "trophy",
			"photo": "pxl_20231226_220504118.jpg",
			"lon": 151.4789173198756,
			"lat": -33.36094015282082,
			"radius": 0.0004,
			"description": "The first chance at a long jetty.",
			"title": "All Jetties Short and Long: Parry's Jetty",
			"badge": "elevation_5"
		},
		{
			"key": "tuggerah-wyrrabalong-wyong",
			"type": "trophy",
			"photo": "pxl_20231226_221257870.jpg",
			"lon": 151.4825805048008,
			"lat": -33.35771585379955,
			"radius": 0.0004,
			"description": "It's not as long, but also not as busy.",
			"title": "All Jetties Short and Long: Watkin's Jetty",
			"badge": "elevation_5"
		},
		{
			"key": "tuggerah-wyrrabalong-wyong",
			"type": "trophy",
			"photo": "pxl_20231226_222335154.jpg",
			"lon": 151.4862488865436,
			"lat": -33.35284070246215,
			"radius": 0.0004,
			"description": "Walking down this endless jetty feels like being envelloped by the void.",
			"title": "All Jetties Short and Long: Long Jetty",
			"badge": "elevation_5"
		},
		{
			"key": "tuggerah-wyrrabalong-wyong",
			"type": "trophy",
			"photo": "pxl_20231227_003938122.jpg",
			"lon": 151.52941900000002,
			"lat": -33.297058,
			"radius": 0.0004,
			"description": "The first of four biomes of Wyrrabalong. It is a rare treat to find a remnant stretch of rainforest.",
			"title": "Four Seasons in One Day: Rainforest",
			"badge": "day_rain"
		},
		{
			"key": "tuggerah-wyrrabalong-wyong",
			"type": "trophy",
			"photo": "pxl_20231227_013111730.jpg",
			"lon": 151.545152,
			"lat": -33.288157,
			"radius": 0.0004,
			"description": "The second of four biomes of Wyrrabalong. Most striking when the sun is low enough to make the red gums light up bright.",
			"title": "Four Seasons in One Day: Red Gum Forest",
			"badge": "day_rain"
		},
		{
			"key": "tuggerah-wyrrabalong-wyong",
			"type": "trophy",
			"photo": "pxl_20231227_014732246.jpg",
			"lon": 151.549455,
			"lat": -33.285092999999996,
			"radius": 0.0004,
			"description": "The third of four biomes of Wyrranalong. The fourth you'll have to find somewhere else entirely.",
			"title": "Four Seasons in One Day: Wetlands",
			"badge": "day_rain"
		},
		{
			"key": "waterfall-heathcote-loftus",
			"type": "trophy",
			"photo": "003_dsc_9803.jpg",
			"lon": 151.04995321013976,
			"lat": -34.07990376999842,
			"radius": 0.0004,
			"description": "Clockwise or counter, both ways lead to icecream below.",
			"title": "You Turn Me Right Round",
			"badge": "rotate_cw_1"
		},
		{
			"key": "waterfall-heathcote-loftus",
			"type": "trophy",
			"photo": "003_dsc_9869.jpg",
			"lon": 151.0567214560022,
			"lat": -34.0625896528283,
			"radius": 0.0004,
			"description": "You may be here on the lucky few days there is a historic tram ride to the Sydney Tramway Museum outside the park.",
			"title": "Ding Ding Ding!",
			"badge": "tramway"
		},
		{
			"key": "waterfall-ladycarringtondrive-loftus",
			"type": "trophy",
			"photo": "003_pa056134.jpg",
			"lon": 151.050803958266,
			"lat": -34.09854391937932,
			"radius": 0.0004,
			"description": "A spring to rest your horses, or just your legs.",
			"title": "Fill Her Up",
			"badge": "station_petrol"
		},
		{
			"key": "wollicreek-kamaybotanybay-cronulla",
			"type": "trophy",
			"photo": "pxl_20221105_042106719.jpg",
			"lon": 151.2222179698302,
			"lat": -34.03508340894466,
			"radius": 0.0004,
			"description": "The light is a warning not to sail a ship into the steep cliffs of the coast. Let it also be a reminder not to fall off the same.",
			"title": "The Guiding Light",
			"badge": "lamp_on"
		},
		{
			"key": "woywoy-5landswalk-tuggerah",
			"type": "trophy",
			"photo": "dsc_1463_dsc_1466.jpg",
			"lon": 151.42453431002366,
			"lat": -33.50012397999963,
			"radius": 0.0004,
			"description": "Secluded enough to wonder where everyone else is instead.",
			"title": "Take Five: Macmaster",
			"badge": "map_3"
		},
		{
			"key": "woywoy-5landswalk-tuggerah",
			"type": "trophy",
			"photo": "dsc_1469.jpg",
			"lon": 151.4322736016543,
			"lat": -33.49130593248137,
			"radius": 0.0004,
			"description": "The climb up the headland will make you appreciate the relaxing beach down here.",
			"title": "Take Five: Copacabana",
			"badge": "map_3"
		},
		{
			"key": "woywoy-5landswalk-tuggerah",
			"type": "trophy",
			"photo": "dsc_1511_dsc_1519.jpg",
			"lon": 151.43741,
			"lat": -33.47067969000271,
			"radius": 0.0004,
			"description": "Too tempting to hang around for a while.",
			"title": "Take Five: Avoca",
			"badge": "map_3"
		},
		{
			"key": "woywoy-5landswalk-tuggerah",
			"type": "trophy",
			"photo": "dsc_1522.jpg",
			"lon": 151.43984867997426,
			"lat": -33.45898912003826,
			"radius": 0.0004,
			"description": "On a hot day, the next climb might end it all.",
			"title": "Take Five: North Avoca",
			"badge": "map_3"
		},
		{
			"key": "woywoy-5landswalk-tuggerah",
			"type": "trophy",
			"photo": "dsc_1539_dsc_1542.jpg",
			"lon": 151.4443530972331,
			"lat": -33.44606426360688,
			"radius": 0.0004,
			"description": "A boulevard so full of icecream and treats, but the hilltop lookout on the horizon beckons.",
			"title": "Take Five: Terrigal",
			"badge": "map_3"
		},
		{
			"key": "woywoy-5landswalk-tuggerah",
			"type": "trophy",
			"photo": "DSC_1561.jpg",
			"lon": 151.4756577864043,
			"lat": -33.40488481128369,
			"radius": 0.0004,
			"description": "The high point of Central Coast in several ways.",
			"title": "Love Lift Me Up...",
			"badge": "music_1"
		},
		{
			"key": "woywoy-5landswalk-tuggerah",
			"type": "trophy",
			"photo": "dsc_1589_pxl_20210417_053210132.jpg",
			"lon": 151.4805944,
			"lat": -33.3983333,
			"radius": 0.0004,
			"description": "The fourth elusive biome of Wyrrabalong to collect. You would not expect it here.",
			"title": "Four Seasons in One Day: Coastal Heathland",
			"badge": "day_rain"
		},
		{
			"key": "woywoy-mountelliot-lisarow",
			"type": "trophy",
			"photo": "p9154457_pxl_20231124_192048418.jpg",
			"lon": 151.3242306,
			"lat": -33.4781389,
			"radius": 0.0004,
			"description": "One of the few remaining Krillz not pillz graffiti dotted around Central Coast.",
			"title": "A Whale of a Time",
			"badge": "fish"
		},
		{
			"key": "woywoy-mountelliot-lisarow",
			"type": "trophy",
			"photo": "p9154541_p9154549.jpg",
			"lon": 151.3120139874374,
			"lat": -33.46414070997027,
			"radius": 0.0004,
			"description": "The prettiest side of Gosford, makes you suffer the climb to get here.",
			"title": "Pretty but still Gosford",
			"badge": "factory_2"
		},
		{
			"key": "woywoy-mountelliot-lisarow",
			"type": "trophy",
			"photo": "p9154701.jpg",
			"lon": 151.3618444,
			"lat": -33.4228556,
			"radius": 0.0004,
			"description": "The fourth statue of famous explorers requires some exploration to find.",
			"title": "Somewhere Out There",
			"badge": "registered_user"
		},
		{
			"key": "woywoy-mtwondabyne-gosford",
			"type": "trophy",
			"photo": "pxl_20240112_223314582_pano.jpg",
			"lon": 151.2881417,
			"lat": -33.552325,
			"radius": 0.0004,
			"description": "Let the tourists enjoy the fenced lookout. Welcome to the club of locals who know better.",
			"title": "I Can See My House from Here",
			"badge": "house_3"
		},
		{
			"key": "woywoy-mtwondabyne-gosford",
			"type": "trophy",
			"photo": "pxl_20240113_001307280.jpg",
			"lon": 151.2889917,
			"lat": -33.5096139,
			"radius": 0.0004,
			"description": "With luck the wind is blowing away from it.",
			"title": "The View is Garbage",
			"badge": "bag_bagful"
		},
		{
			"key": "woywoy-mtwondabyne-gosford",
			"type": "trophy",
			"photo": "pxl_20240113_012859254.jpg",
			"lon": 151.2750087,
			"lat": -33.4940091,
			"radius": 0.0004,
			"description": "The end is just the start of a new journey.",
			"title": "This is the End",
			"badge": "cancel_2"
		},
		{
			"key": "woywoy-mtwondabyne-gosford",
			"type": "trophy",
			"photo": "pxl_20240119_001839868_img_20191110_073448.jpg",
			"lon": 151.3026888811524,
			"lat": -33.45139494829859,
			"radius": 0.0004,
			"description": "Whomever made these ensured a lasting urban legend only the locals know.",
			"title": "But Why Though?",
			"badge": "amphora"
		}
	]
}