{
	"location": "Grand Canyon",
	"lon": 150.326919556,
	"lat": -33.655021667,
	"description": "Lorem ipsum dolor sit amet.",
	"keywords": {
		"ipsum": "https://external.link/"
	},
	"distance": [
		0
	],
	"hero": "",
	"zoom": 13,
	"rain": false,
	"fireban": false,
	"key": "blackheath-grandcanyon-blackheath",
	"updated": "2013-02-02",
	"bounds": {
		"west": 150.27099609375,
		"north": -33.60546961227189,
		"east": 150.347900390625,
		"south": -33.66949697279555
	},
	"markers": [
		{
			"location": "Blackheath",
			"type": "train",
			"photo": "p7200001.jpg",
			"description": "Get the train to Blackheath using <a href=\"https://transportnsw.info/trip#/?to=Blackheath\">transportnsw.info</a>.",
			"lon": 150.284362793,
			"lat": -33.633621216
		},
		{
			"type": "waypoint",
			"photo": "p7200002.jpg",
			"lon": 150.28645555555556,
			"lat": -33.63614444444445,
			"description": "From the station, follow the signs to the Braeside Walk down the right side of the main road."
		},
		{
			"type": "waypoint",
			"photo": "p7200003.jpg",
			"lon": 150.29314722222222,
			"lat": -33.63760555555555,
			"description": "Halfway down the main road turn right following the Braeside Walk sign."
		},
		{
			"type": "waypoint",
			"photo": "p7200005.jpg",
			"lon": 150.29691111111111,
			"lat": -33.64206388888889,
			"description": "The sealed road turns into a fire trail winding through the bush."
		},
		{
			"type": "waypoint",
			"photo": "p7200012.jpg",
			"lon": 150.30591944444447,
			"lat": -33.641019444444446,
			"description": "Pass by the sign to the Braeside walk and follow the fire trail to its end."
		},
		{
			"type": "waypoint",
			"photo": "p7200014.jpg",
			"lon": 150.31127777777778,
			"lat": -33.64868055555556,
			"description": "Follow Evans Lookout road to the left, there will be a car park on the right side halfway to the lookout."
		},
		{
			"type": "waypoint",
			"photo": "p7200019.jpg",
			"lon": 150.31349444444444,
			"lat": -33.65368055555555,
			"description": "From the Grand Canyon car park a steep trail leads down into the canyon."
		},
		{
			"type": "waypoint",
			"photo": "p7200038.jpg",
			"lon": 150.3155638888889,
			"lat": -33.65836111111111,
			"description": "The path winnding through the canyon is well maintained and clearly marked."
		},
		{
			"type": "waypoint",
			"photo": "p7200067.jpg",
			"lon": 150.3263722222222,
			"lat": -33.65462222222222,
			"description": "<i>+3km</i> At the end of the Canyon a junction to Rodriguez Pass leads to closeby Beauchamp Falls.",
			"optional": true
		},
		{
			"type": "waypoint",
			"photo": "p7200075.jpg",
			"lon": 150.32676944444444,
			"lat": -33.65641111111111,
			"description": "After a short stretch of canyon the view opens up to Grose Valley.",
			"optional": true
		},
		{
			"type": "waypoint",
			"photo": "p7200082.jpg",
			"lon": 150.32763333333332,
			"lat": -33.655963888888884,
			"description": "At the edge of a valley a steep trail winds down to the falls.",
			"optional": true
		},
		{
			"type": "waypoint",
			"photo": "p7200086.jpg",
			"lon": 150.3256361111111,
			"lat": -33.65382222222222,
			"description": "From the junction to Rodriguez Pass, follow the steps up out of the canyon."
		},
		{
			"type": "waypoint",
			"photo": "p7200119_p7200122.jpg",
			"lon": 150.32545555555555,
			"lat": -33.64621944444444,
			"description": "The climb up out of the canyon ends at Evans Lookout."
		},
		{
			"type": "waypoint",
			"photo": "p7200123.jpg",
			"lon": 150.32474444444443,
			"lat": -33.64644722222222,
			"description": "From Evans Lookout the well marked Cliff Top Track leads to Govetts Leap Lookout."
		},
		{
			"type": "waypoint",
			"photo": "p7200156.jpg",
			"lon": 150.3132888888889,
			"lat": -33.63198333333333,
			"description": "Halfway between Evans Lookout and Govetts Leap Lookout the track crosses the actual leap."
		},
		{
			"type": "waypoint",
			"photo": "p7200173.jpg",
			"lon": 150.31150277777778,
			"lat": -33.62836111111111,
			"description": "Don't be tempted to look over the edge. It is a long way down."
		},
		{
			"type": "waypoint",
			"photo": "p7200160_p7200164.jpg",
			"lon": 150.3114888888889,
			"lat": -33.62851388888889,
			"description": "The Cliff Top Track ends at the popular Govetts Leap."
		},
		{
			"type": "waypoint",
			"photo": "p7200198.jpg",
			"lon": 150.31105000000002,
			"lat": -33.62444444444444,
			"description": "Continue past the lookout, following the signs to Popes Glen."
		},
		{
			"type": "waypoint",
			"photo": "p7200204.jpg",
			"lon": 150.3079638888889,
			"lat": -33.623175,
			"description": "Follow Popes Glen all the way up to the swimming pool."
		},
		{
			"type": "waypoint",
			"photo": "p7200205.jpg",
			"lon": 150.2909861111111,
			"lat": -33.63381666666667,
			"description": "The path through Memorial Park leads back to the train station."
		},
		{
			"location": "Blackheath",
			"type": "train",
			"photo": "p7200207.jpg",
			"description": "Plan your return trip from Blackheath at <a href=\"https://transportnsw.info/trip#/?from=Blackheath\">transportnsw.info</a>.",
			"lon": 150.284317017,
			"lat": -33.633811951
		}
	]
}