{
	"location": "Lane Cove Park",
	"lon": 151.120513916,
	"lat": -33.76725769,
	"description": "Lorem ipsum dolor sit amet.",
	"keywords": {
		"ipsum": "https://external.link/"
	},
	"distance": [
		0
	],
	"hero": "",
	"zoom": 13,
	"rain": false,
	"fireban": false,
	"key": "chatswood-lanecovepark-thornleigh",
	"updated": "2013-05-31",
	"bounds": {
		"west": 151.06201171875,
		"north": -33.71520164474085,
		"east": 151.19384765625,
		"south": -33.81566630870278
	},
	"markers": [
		{
			"location": "Chatswood",
			"type": "train",
			"description": "Get the train to Chatswood using <a href=\"https://transportnsw.info/trip#/?to=Chatswood\">transportnsw.info</a>.",
			"lon": 151.181376,
			"lat": -33.797771999999995
		},
		{
			"type": "waypoint",
			"photo": "002_p6018309.jpg",
			"lon": 151.17801445998774,
			"lat": -33.796936940010006,
			"description": "In a small reserve across the highway from Chatswood station, a map shows the walking tracks to Lanecove National Park from there."
		},
		{
			"type": "waypoint",
			"photo": "002_p6018317.jpg",
			"lon": 151.15872867005342,
			"lat": -33.793475749973865,
			"description": "Follow the Railway to River walk or Fullers Road down to the Lane Cove River"
		},
		{
			"type": "waypoint",
			"photo": "002_p6018322.jpg",
			"lon": 151.15537085995447,
			"lat": -33.79164929004071,
			"description": "From the weir, follow the walking track on either bank of the river. Both tracks will eventually join up at Lane Cove Road."
		},
		{
			"type": "waypoint",
			"photo": "002_p6018431.jpg",
			"lon": 151.135716,
			"lat": -33.775980220037454,
			"description": "At Deburghs Bridge / Lane Cove Road, the track continues on the north bank of the river."
		},
		{
			"type": "waypoint",
			"photo": "002_p6018445.jpg",
			"lon": 151.1338597700018,
			"lat": -33.77250661999895,
			"description": "From the bridge follow the markers and signs of the Great North Walk. The track doesn't leave the bank of the river."
		},
		{
			"type": "waypoint",
			"photo": "002_p6018500.jpg",
			"lon": 151.1004333500002,
			"lat": -33.752364020006254,
			"description": "There are several trails through Lane Cove Valley. Follow the directions to Thornleigh and the Great North Walk markers."
		},
		{
			"type": "waypoint",
			"photo": "002_p6018514.jpg",
			"lon": 151.0982613799894,
			"lat": -33.748527079992876,
			"description": "At several places the track crosses the river. On rainy days this may require wading, but rarely more than ankle deep."
		},
		{
			"type": "waypoint",
			"photo": "002_p6018555.jpg",
			"lon": 151.08622784001076,
			"lat": -33.73795533001933,
			"description": "After climbing out of the valley optionally follow the directions to the Baden Powell Scout centre to the City View Lookout."
		},
		{
			"type": "waypoint",
			"photo": "002_p6018571.jpg",
			"lon": 151.0829162599642,
			"lat": -33.733478890000185,
			"description": "The park end at a sports field and from there suburban streets lead to Tornleigh station"
		},
		{
			"location": "Thornleigh",
			"type": "train",
			"description": "Plan your return trip from Thornleigh at <a href=\"https://transportnsw.info/trip#/?from=Thornleigh\">transportnsw.info</a>.",
			"lon": 151.078567505,
			"lat": -33.731884003
		}
	]
}