{
	"location": "Coastal Walk",
	"lon": 151.269677,
	"lat": -33.908432,
	"description": "Lorem ipsum dolor sit amet.",
	"keywords": {
		"ipsum": "https://external.link/"
	},
	"distance": [
		0
	],
	"hero": "",
	"zoom": 13,
	"rain": true,
	"fireban": true,
	"key": "coogee-coastalwalk-bondi",
	"updated": "2023-11-18",
	"bounds": {
		"west": 151.23779296875,
		"north": -33.87953701355924,
		"east": 151.292724609375,
		"south": -33.93424531117312
	},
	"markers": [
		{
			"location": "Coogee Beach",
			"type": "bus",
			"photo": "pxl_20231118_010405900.jpg",
			"description": "Get the bus to Coogee Beach using <a href=\"https://transportnsw.info/trip#/?to=Coogee Beach\">transportnsw.info</a>.",
			"lon": 151.25705,
			"lat": -33.920502
		},
		{
			"type": "waypoint",
			"photo": "pxl_20231118_013148515.jpg",
			"lon": 151.257262,
			"lat": -33.92055,
			"description": "Lorem ipsum dolor sit amet."
		},
		{
			"type": "waypoint",
			"photo": "pxl_20231118_013229820.jpg",
			"lon": 151.257643,
			"lat": -33.920417,
			"description": "Lorem ipsum dolor sit amet."
		},
		{
			"type": "waypoint",
			"photo": "pxl_20231118_013304687.jpg",
			"lon": 151.257817,
			"lat": -33.92026,
			"description": "Lorem ipsum dolor sit amet."
		},
		{
			"type": "waypoint",
			"photo": "pxl_20231118_013519013.jpg",
			"lon": 151.258559,
			"lat": -33.918903,
			"description": "Lorem ipsum dolor sit amet."
		},
		{
			"type": "waypoint",
			"photo": "pxl_20231118_013646463.jpg",
			"lon": 151.259457,
			"lat": -33.918617999999995,
			"description": "Lorem ipsum dolor sit amet."
		},
		{
			"type": "waypoint",
			"photo": "pxl_20231118_013755520.jpg",
			"lon": 151.260096,
			"lat": -33.919253999999995,
			"description": "Lorem ipsum dolor sit amet."
		},
		{
			"type": "waypoint",
			"photo": "pxl_20231118_013852909.jpg",
			"lon": 151.260712,
			"lat": -33.919109,
			"description": "Lorem ipsum dolor sit amet."
		},
		{
			"type": "waypoint",
			"photo": "pxl_20231118_014104200.jpg",
			"lon": 151.261287,
			"lat": -33.917925,
			"description": "Lorem ipsum dolor sit amet."
		},
		{
			"type": "waypoint",
			"photo": "pxl_20231118_014235873.jpg",
			"lon": 151.261305,
			"lat": -33.916833,
			"description": "Lorem ipsum dolor sit amet."
		},
		{
			"type": "waypoint",
			"photo": "pxl_20231118_014401005.jpg",
			"lon": 151.261328,
			"lat": -33.915942,
			"description": "Lorem ipsum dolor sit amet."
		},
		{
			"type": "waypoint",
			"photo": "pxl_20231118_014521395.jpg",
			"lon": 151.261037,
			"lat": -33.915166,
			"description": "Lorem ipsum dolor sit amet."
		},
		{
			"type": "waypoint",
			"photo": "pxl_20231118_014620010.jpg",
			"lon": 151.261009,
			"lat": -33.914781999999995,
			"description": "Lorem ipsum dolor sit amet."
		},
		{
			"type": "waypoint",
			"photo": "pxl_20231118_015539673.jpg",
			"lon": 151.26740900000001,
			"lat": -33.9157569998733,
			"description": "Lorem ipsum dolor sit amet."
		},
		{
			"type": "waypoint",
			"photo": "pxl_20231118_015805758.jpg",
			"lon": 151.26753200000002,
			"lat": -33.914684,
			"description": "Lorem ipsum dolor sit amet."
		},
		{
			"type": "waypoint",
			"photo": "pxl_20231118_015941745.jpg",
			"lon": 151.266795,
			"lat": -33.914176999999995,
			"description": "Lorem ipsum dolor sit amet."
		},
		{
			"type": "waypoint",
			"photo": "pxl_20231118_020141537.jpg",
			"lon": 151.265802,
			"lat": -33.913178,
			"description": "Lorem ipsum dolor sit amet."
		},
		{
			"type": "waypoint",
			"photo": "pxl_20231118_020352692.jpg",
			"lon": 151.26731800000002,
			"lat": -33.913683,
			"description": "Lorem ipsum dolor sit amet."
		},
		{
			"type": "waypoint",
			"photo": "pxl_20231118_020637065.jpg",
			"lon": 151.269235,
			"lat": -33.913346,
			"description": "Lorem ipsum dolor sit amet."
		},
		{
			"type": "waypoint",
			"photo": "pxl_20231118_021044647.jpg",
			"lon": 151.27005400000002,
			"lat": -33.910824,
			"description": "Lorem ipsum dolor sit amet."
		},
		{
			"type": "waypoint",
			"photo": "pxl_20231118_021223138.jpg",
			"lon": 151.27008700000002,
			"lat": -33.910164,
			"description": "Lorem ipsum dolor sit amet."
		},
		{
			"type": "waypoint",
			"photo": "pxl_20231118_021523360.jpg",
			"lon": 151.26973800000002,
			"lat": -33.908705999999995,
			"description": "Lorem ipsum dolor sit amet."
		},
		{
			"type": "waypoint",
			"photo": "pxl_20231118_021822473.jpg",
			"lon": 151.26965600000003,
			"lat": -33.907145,
			"description": "Lorem ipsum dolor sit amet."
		},
		{
			"type": "waypoint",
			"photo": "pxl_20231118_022043027.jpg",
			"lon": 151.269481,
			"lat": -33.905679,
			"description": "Lorem ipsum dolor sit amet."
		},
		{
			"type": "waypoint",
			"photo": "pxl_20231118_022127034.jpg",
			"lon": 151.269058,
			"lat": -33.905471999999996,
			"description": "Lorem ipsum dolor sit amet."
		},
		{
			"type": "waypoint",
			"photo": "pxl_20231118_022202074.jpg",
			"lon": 151.268683,
			"lat": -33.905269,
			"description": "Lorem ipsum dolor sit amet."
		},
		{
			"type": "waypoint",
			"photo": "pxl_20231118_022330544.jpg",
			"lon": 151.26827500000002,
			"lat": -33.904632,
			"description": "Lorem ipsum dolor sit amet."
		},
		{
			"type": "waypoint",
			"photo": "pxl_20231118_022505871.jpg",
			"lon": 151.267907,
			"lat": -33.903455,
			"description": "Lorem ipsum dolor sit amet."
		},
		{
			"type": "waypoint",
			"photo": "pxl_20231118_022620719.jpg",
			"lon": 151.268141,
			"lat": -33.902943,
			"description": "Lorem ipsum dolor sit amet."
		},
		{
			"type": "waypoint",
			"photo": "pxl_20231118_022943445.jpg",
			"lon": 151.27009700000002,
			"lat": -33.901579999999996,
			"description": "Lorem ipsum dolor sit amet."
		},
		{
			"type": "waypoint",
			"photo": "pxl_20231118_023209370.jpg",
			"lon": 151.269238,
			"lat": -33.899954,
			"description": "Lorem ipsum dolor sit amet."
		},
		{
			"type": "waypoint",
			"photo": "pxl_20231118_023334530.jpg",
			"lon": 151.269517,
			"lat": -33.89979,
			"description": "Lorem ipsum dolor sit amet."
		},
		{
			"type": "waypoint",
			"photo": "pxl_20231118_023710642.jpg",
			"lon": 151.271837,
			"lat": -33.899898,
			"description": "Lorem ipsum dolor sit amet."
		},
		{
			"type": "waypoint",
			"photo": "pxl_20231118_024339253.jpg",
			"lon": 151.276078,
			"lat": -33.89886,
			"description": "Lorem ipsum dolor sit amet."
		},
		{
			"type": "waypoint",
			"photo": "pxl_20231118_024504582.jpg",
			"lon": 151.27592,
			"lat": -33.898361,
			"description": "Lorem ipsum dolor sit amet."
		},
		{
			"type": "waypoint",
			"photo": "pxl_20231118_024700773.jpg",
			"lon": 151.27487000000002,
			"lat": -33.897539,
			"description": "Lorem ipsum dolor sit amet."
		},
		{
			"type": "waypoint",
			"photo": "pxl_20231118_024913707.jpg",
			"lon": 151.27420700000002,
			"lat": -33.896633,
			"description": "Lorem ipsum dolor sit amet."
		},
		{
			"type": "waypoint",
			"photo": "pxl_20231118_025321069.jpg",
			"lon": 151.27400400000002,
			"lat": -33.894554,
			"description": "Lorem ipsum dolor sit amet."
		},
		{
			"type": "waypoint",
			"photo": "pxl_20231118_025358725.jpg",
			"lon": 151.273782,
			"lat": -33.894338,
			"description": "Lorem ipsum dolor sit amet."
		},
		{
			"type": "waypoint",
			"photo": "pxl_20231118_025442095.jpg",
			"lon": 151.273658,
			"lat": -33.894051,
			"description": "Lorem ipsum dolor sit amet."
		},
		{
			"type": "waypoint",
			"photo": "pxl_20231118_025501683.jpg",
			"lon": 151.273669,
			"lat": -33.893949,
			"description": "Lorem ipsum dolor sit amet."
		},
		{
			"location": "Bondi Beach",
			"type": "bus",
			"photo": "pxl_20231118_025908535.jpg",
			"description": "Plan your return trip from Bondi Beach at <a href=\"https://transportnsw.info/trip#/?from=Bondi Beach\">transportnsw.info</a>.",
			"lat": -33.892822,
			"lon": 151.273468
		}
	]
}