{
	"location": "Botany Bay",
	"lon": 151.23869,
	"lat": -33.99797,
	"description": "Lorem ipsum dolor sit amet.",
	"keywords": {
		"ipsum": "https://external.link/"
	},
	"distance": [
		0
	],
	"hero": "",
	"zoom": 13,
	"rain": true,
	"fireban": true,
	"key": "laperouse-kamaybotanybay-laperouse",
	"updated": "2023-11-18",
	"bounds": {
		"west": 151.2158203125,
		"north": -33.970697997361626,
		"east": 151.270751953125,
		"south": -34.016241889667015
	},
	"markers": [
		{
			"location": "La Perouse",
			"type": "bus",
			"photo": "pxl_20231117_200915506.jpg",
			"description": "Get the bus to La Perouse using <a href=\"https://transportnsw.info/trip#/?to=La Perouse\">transportnsw.info</a>.",
			"lon": 151.233826,
			"lat": -33.988052
		},
		{
			"type": "waypoint",
			"photo": "pxl_20231117_201427217.jpg",
			"lon": 151.23333499999998,
			"lat": -33.989133,
			"description": "<i>+0.5km</i> Lorem ipsum dolor sit amet.",
			"optional": true
		},
		{
			"type": "waypoint",
			"photo": "pxl_20231117_201638220.jpg",
			"lon": 151.232126,
			"lat": -33.99033,
			"description": "Lorem ipsum dolor sit amet.",
			"optional": true
		},
		{
			"type": "waypoint",
			"photo": "pxl_20231117_202220672.jpg",
			"lon": 151.23359299999998,
			"lat": -33.988599,
			"description": "Lorem ipsum dolor sit amet."
		},
		{
			"type": "waypoint",
			"photo": "pxl_20231117_202234392.jpg",
			"lon": 151.23366499999997,
			"lat": -33.988573,
			"description": "Lorem ipsum dolor sit amet."
		},
		{
			"type": "waypoint",
			"photo": "pxl_20231117_202516621_pano.jpg",
			"lon": 151.23498899999998,
			"lat": -33.989013,
			"description": "Lorem ipsum dolor sit amet."
		},
		{
			"type": "waypoint",
			"photo": "pxl_20231117_202628521.jpg",
			"lon": 151.23570199999997,
			"lat": -33.989089,
			"description": "Lorem ipsum dolor sit amet."
		},
		{
			"type": "waypoint",
			"photo": "pxl_20231117_202940972.jpg",
			"lon": 151.23615999999998,
			"lat": -33.987661,
			"description": "Lorem ipsum dolor sit amet."
		},
		{
			"type": "waypoint",
			"photo": "pxl_20231117_203152864.jpg",
			"lon": 151.23721099999997,
			"lat": -33.987821000000004,
			"description": "Lorem ipsum dolor sit amet."
		},
		{
			"type": "waypoint",
			"photo": "pxl_20231117_203336599.jpg",
			"lon": 151.238239,
			"lat": -33.988096,
			"description": "Lorem ipsum dolor sit amet."
		},
		{
			"type": "waypoint",
			"photo": "pxl_20231117_203634144.jpg",
			"lon": 151.23924599999998,
			"lat": -33.989281,
			"description": "Lorem ipsum dolor sit amet."
		},
		{
			"type": "waypoint",
			"photo": "pxl_20231117_204154437.jpg",
			"lon": 151.23942799999998,
			"lat": -33.992111000074026,
			"description": "Lorem ipsum dolor sit amet."
		},
		{
			"type": "waypoint",
			"photo": "pxl_20231117_204306171.jpg",
			"lon": 151.23952999999997,
			"lat": -33.992659,
			"description": "Lorem ipsum dolor sit amet."
		},
		{
			"type": "waypoint",
			"photo": "pxl_20231117_204446093.jpg",
			"lon": 151.239173,
			"lat": -33.993508,
			"description": "Lorem ipsum dolor sit amet."
		},
		{
			"type": "waypoint",
			"photo": "pxl_20231117_204632340.jpg",
			"lon": 151.239814,
			"lat": -33.994209,
			"description": "Lorem ipsum dolor sit amet."
		},
		{
			"type": "waypoint",
			"photo": "pxl_20231117_205107003.jpg",
			"lon": 151.23946999999998,
			"lat": -33.996602,
			"description": "Lorem ipsum dolor sit amet."
		},
		{
			"type": "waypoint",
			"photo": "pxl_20231117_205125400.jpg",
			"lon": 151.239377,
			"lat": -33.99672,
			"description": "Lorem ipsum dolor sit amet."
		},
		{
			"type": "waypoint",
			"photo": "pxl_20231117_205542760.jpg",
			"lon": 151.238484,
			"lat": -33.998067,
			"description": "Lorem ipsum dolor sit amet."
		},
		{
			"type": "waypoint",
			"photo": "pxl_20231117_205605013.jpg",
			"lon": 151.23864099999997,
			"lat": -33.997993,
			"description": "Lorem ipsum dolor sit amet."
		},
		{
			"type": "waypoint",
			"photo": "pxl_20231117_205747139.jpg",
			"lon": 151.2394,
			"lat": -33.997826,
			"description": "Lorem ipsum dolor sit amet."
		},
		{
			"type": "waypoint",
			"photo": "pxl_20231117_211304720.jpg",
			"lon": 151.24883499999999,
			"lat": -33.997864,
			"description": "Lorem ipsum dolor sit amet."
		},
		{
			"type": "waypoint",
			"photo": "pxl_20231117_211340808.jpg",
			"lon": 151.248934,
			"lat": -33.998039,
			"description": "Lorem ipsum dolor sit amet."
		},
		{
			"type": "waypoint",
			"photo": "pxl_20231117_211459007.jpg",
			"lon": 151.24907399999998,
			"lat": -33.99772300012965,
			"description": "Lorem ipsum dolor sit amet."
		},
		{
			"type": "waypoint",
			"photo": "pxl_20231117_211611608.jpg",
			"lon": 151.24925499999998,
			"lat": -33.99703,
			"description": "Lorem ipsum dolor sit amet."
		},
		{
			"type": "waypoint",
			"photo": "pxl_20231117_212150287.jpg",
			"lon": 151.250862,
			"lat": -33.993906,
			"description": "Lorem ipsum dolor sit amet."
		},
		{
			"type": "waypoint",
			"photo": "pxl_20231117_212335188.jpg",
			"lon": 151.24973799999998,
			"lat": -33.99351,
			"description": "Lorem ipsum dolor sit amet."
		},
		{
			"type": "waypoint",
			"photo": "pxl_20231117_213939866.jpg",
			"lon": 151.240547,
			"lat": -33.989087,
			"description": "Lorem ipsum dolor sit amet."
		},
		{
			"type": "waypoint",
			"photo": "pxl_20231117_214030264.jpg",
			"lon": 151.240006,
			"lat": -33.989097,
			"description": "Lorem ipsum dolor sit amet."
		},
		{
			"type": "waypoint",
			"photo": "pxl_20231117_214131871.jpg",
			"lon": 151.239387,
			"lat": -33.989308,
			"description": "Lorem ipsum dolor sit amet."
		},
		{
			"location": "La Perouse",
			"type": "bus",
			"photo": "pxl_20231117_200915506.jpg",
			"description": "Plan your return trip from Bondi Beach at <a href=\"https://transportnsw.info/trip#/?from=La Perouse\">transportnsw.info</a>.",
			"lon": 151.233826,
			"lat": -33.988052
		}
	]
}