{
	"location": "Berowra Valley",
	"lon": 151.123931885,
	"lat": -33.600128174,
	"description": "Lorem ipsum dolor sit amet.",
	"keywords": {
		"ipsum": "https://external.link/"
	},
	"distance": [
		0
	],
	"hero": "",
	"zoom": 13,
	"rain": false,
	"fireban": false,
	"key": "mtkuringgai-berowrawaters-cowan",
	"updated": "2013-12-20",
	"bounds": {
		"west": 151.10595703125,
		"north": -33.578014746144,
		"east": 151.182861328125,
		"south": -33.66949697279555
	},
	"markers": [
		{
			"location": "Mount Kuring-gai",
			"type": "train",
			"description": "Get the train to Mount Kuring-gai using <a href=\"https://transportnsw.info/trip#/?to=Mount Kuring-gai\">transportnsw.info</a>.",
			"lon": 151.136915,
			"lat": -33.652868
		},
		{
			"type": "waypoint",
			"photo": "pc218584.jpg",
			"lon": 151.13555833333334,
			"lat": -33.65501944444444,
			"description": "From the station cross the Pacific Highway and find the firetrail to the right of the intersection."
		},
		{
			"type": "waypoint",
			"photo": "pc218590.jpg",
			"lon": 151.13299722222223,
			"lat": -33.65105277777778,
			"description": "Follow the steep road down into the gully where it becomes a hiking trail."
		},
		{
			"type": "waypoint",
			"photo": "pc218599.jpg",
			"lon": 151.1221638888889,
			"lat": -33.644983333333336,
			"description": "The trail crosses the creek several times, but follows it all the way down the gully."
		},
		{
			"type": "waypoint",
			"photo": "pc218633.jpg",
			"lon": 151.1190527777778,
			"lat": -33.639047222222224,
			"description": "The rocky trail along the creek gradually turns into a wider forested area."
		},
		{
			"type": "waypoint",
			"photo": "pc218673.jpg",
			"lon": 151.12117222222224,
			"lat": -33.62781388888889,
			"description": "When the trail reaches the wetlands, follow the great north walk across the boardwalk."
		},
		{
			"type": "waypoint",
			"photo": "pc218693.jpg",
			"lon": 151.12548611111112,
			"lat": -33.62003611111111,
			"description": "From the wetlands the Great North Walk skirts the next ridge along the bank of Berowra Creek"
		},
		{
			"type": "waypoint",
			"photo": "pc218695.jpg",
			"lon": 151.12710555555557,
			"lat": -33.619952777777776,
			"description": "The trail then runs up the next gully to the next creek crossing."
		},
		{
			"type": "waypoint",
			"photo": "pc218702.jpg",
			"lon": 151.13001666666668,
			"lat": -33.62126666666667,
			"description": "Immediately after crossing the creek, there is a steep climb up the next ridge."
		},
		{
			"type": "waypoint",
			"photo": "pc218706.jpg",
			"lon": 151.12998055555556,
			"lat": -33.61886111111111,
			"description": "At the top, follow the sign to Berowra Waters to the left along the firetrail."
		},
		{
			"type": "waypoint",
			"photo": "pc218709.jpg",
			"lon": 151.12817777777778,
			"lat": -33.61778611111111,
			"description": "A few hundred meters along the trail there is a lookout and picnic area on the left."
		},
		{
			"type": "waypoint",
			"photo": "pc218727.jpg",
			"lon": 151.12945555555555,
			"lat": -33.614672222222225,
			"description": "Continue along the trail until a sign to Berowra Waters points down a bush trail on the left."
		},
		{
			"type": "waypoint",
			"photo": "pc218753_pc218765.jpg",
			"lon": 151.12424722222224,
			"lat": -33.60237222222222,
			"description": "The trail winds a way all the way down to the creek and continues along its bank."
		},
		{
			"type": "waypoint",
			"photo": "pc218774.jpg",
			"lon": 151.12485,
			"lat": -33.60045277777778,
			"description": "<i>+0.5h</i> Take the free ferry to find a restaurant and picnic area across the creek.",
			"optional": true
		},
		{
			"type": "waypoint",
			"photo": "pc218795_pc218799.jpg",
			"lon": 151.12450555555557,
			"lat": -33.59486944444445,
			"description": "Continue along the parking lot until the bush trail continues along the bank."
		},
		{
			"type": "waypoint",
			"photo": "pc218803.jpg",
			"lon": 151.12341666666669,
			"lat": -33.59350555555556,
			"description": "Follow the sign to Cowan to start your climb back up the ridge."
		},
		{
			"type": "waypoint",
			"photo": "pc218822_pc218828.jpg",
			"lon": 151.1249138888889,
			"lat": -33.592933333333335,
			"description": "At the top a slightly hidden lookout overlooks Berowra Waters."
		},
		{
			"type": "waypoint",
			"photo": "pc218837_pc218840.jpg",
			"lon": 151.1283527777778,
			"lat": -33.59285277777778,
			"description": "The trail descend down into another gully, crosses a creek and climbs out the other side."
		},
		{
			"type": "waypoint",
			"photo": "pc218903_pc218909.jpg",
			"lon": 151.14116388888888,
			"lat": -33.595080555555555,
			"description": "At the top follow the Great North Walk signs around Berowra Heights."
		},
		{
			"type": "waypoint",
			"photo": "pc218916.jpg",
			"lon": 151.14939999999999,
			"lat": -33.59713888888889,
			"description": "The trail descends once more into a gully, crosses a creek."
		},
		{
			"type": "waypoint",
			"photo": "pc218949.jpg",
			"lon": 151.15424722222224,
			"lat": -33.59715555555556,
			"description": "A steep ascent leads up the Cowan side of the gully."
		},
		{
			"type": "waypoint",
			"photo": "pc218957.jpg",
			"lon": 151.15443611111112,
			"lat": -33.597319444444445,
			"description": "At the top follow the Great North Walk along the ridge."
		},
		{
			"type": "waypoint",
			"photo": "pc218963.jpg",
			"lon": 151.163175,
			"lat": -33.598061111111114,
			"description": "The trail crosses a road and continues along a firetrail."
		},
		{
			"type": "waypoint",
			"photo": "pc218969.jpg",
			"lon": 151.1700222222222,
			"lat": -33.59571666666667,
			"description": "Follow the fire trail around the suburb until it leads out between the houses on the right."
		},
		{
			"type": "waypoint",
			"photo": "pc218971.jpg",
			"lon": 151.17088333333334,
			"lat": -33.59372777777778,
			"description": "Cowan station is across the road from the trail head. A cafe is located a few hundred meters to the left."
		},
		{
			"location": "Cowan",
			"type": "train",
			"description": "Plan your return trip from Cowan at <a href=\"https://transportnsw.info/trip#/?from=Cowan\">transportnsw.info</a>.",
			"lon": 151.171966553,
			"lat": -33.593074799
		}
	]
}