{
	"location": "Sphynx Memorial",
	"lon": 151.144379,
	"lat": -33.691296,
	"description": "Lorem ipsum dolor sit amet.",
	"keywords": {
		"ipsum": "https://external.link/"
	},
	"distance": [
		0
	],
	"hero": "",
	"zoom": 13,
	"rain": false,
	"fireban": false,
	"key": "mtkuringgai-bobbinhead-mtcolah",
	"updated": "2014-02-01",
	"bounds": {
		"west": 151.094970703125,
		"north": -33.63291573870478,
		"east": 151.182861328125,
		"south": -33.69692269295768
	},
	"markers": [
		{
			"location": "Mount Kuring-gai",
			"lon": 151.136915,
			"lat": -33.652868,
			"type": "train",
			"description": "Get the train to Mount Kuring-gai using <a href=\"https://transportnsw.info/trip#/?to=Mount Kuring-gai\">transportnsw.info</a>."
		},
		{
			"type": "waypoint",
			"photo": "p2021255.jpg",
			"lon": 151.14222222222222,
			"lat": -33.653797222222224,
			"description": "Exit the station to the left and follow Harwood Ave all the way to trailhead."
		},
		{
			"type": "waypoint",
			"photo": "p2021265_p2021271.jpg",
			"lon": 151.1468583333333,
			"lat": -33.65096388888889,
			"description": "Follow the trail down the ridge. The side track to the right leads to a lookout across Apple Tree Bay."
		},
		{
			"type": "waypoint",
			"photo": "p2021279_p2021294.jpg",
			"lon": 151.14850555555554,
			"lat": -33.649027777777775,
			"description": "Right before the stone staircase a partially obscured side track on the left leads to Fireman's Rest."
		},
		{
			"type": "waypoint",
			"photo": "p2021304.jpg",
			"lon": 151.16063300000002,
			"lat": -33.646895,
			"description": "The trail down the ridge ends at a lookout across Cowan Creek."
		},
		{
			"type": "waypoint",
			"photo": "p2021305.jpg",
			"lon": 151.161125,
			"lat": -33.647422222222225,
			"description": "From the lookout follow the trail to the right down to the water's edge."
		},
		{
			"type": "waypoint",
			"photo": "p2021361_p2021364.jpg",
			"lon": 151.1571111111111,
			"lat": -33.65049722222222,
			"description": "Follow the trail along the water to the right."
		},
		{
			"type": "waypoint",
			"photo": "p2021384_p2021392.jpg",
			"lon": 151.156425,
			"lat": -33.65248333333333,
			"description": "The trail ends at Apple Tree Bay's boat ramp."
		},
		{
			"type": "waypoint",
			"photo": "p2021394.jpg",
			"lon": 151.1593388888889,
			"lat": -33.65519444444444,
			"description": "Follow the paved road on the other side of Apple Tree Bay to Bobbin Head."
		},
		{
			"type": "waypoint",
			"photo": "p2021402_p2021405.jpg",
			"lon": 151.15910277777778,
			"lat": -33.659727777777775,
			"description": "At Bobbin Head, cross the picnic area towards the bridge."
		},
		{
			"type": "waypoint",
			"photo": "p2021413_p2021428.jpg",
			"lon": 151.16023611111112,
			"lat": -33.66073611111111,
			"description": "Cross the bridge and enter the marina to the left. The trail continues at the far end of the marina."
		},
		{
			"type": "waypoint",
			"photo": "p2021429.jpg",
			"lon": 151.16556944444446,
			"lat": -33.66453333333333,
			"description": "Follow the trail along the creek."
		},
		{
			"type": "waypoint",
			"photo": "p2021510.jpg",
			"lon": 151.16552777777778,
			"lat": -33.686588888888885,
			"description": "At the intersection in the trail, follow the signs up to the Sphynx War Memorial."
		},
		{
			"type": "waypoint",
			"photo": "p2021514.jpg",
			"lon": 151.155941,
			"lat": -33.688495999999994,
			"description": "At the junction at the top of the climb, continue to the right towards to the Sphynx War Memorial."
		},
		{
			"type": "waypoint",
			"photo": "p2021518.jpg",
			"lon": 151.15573333333333,
			"lat": -33.68865833333333,
			"description": "From the war memorial follow the car park to the road out of the national park."
		},
		{
			"type": "waypoint",
			"photo": "p2021525.jpg",
			"lon": 151.145251,
			"lat": -33.693206999999994,
			"description": "Follow the road past the hospital and turn right down the urban streets to find the next trail head."
		},
		{
			"type": "waypoint",
			"photo": "p2021526.jpg",
			"lon": 151.145054,
			"lat": -33.692988,
			"description": "At the junction in the firetrail, follow the direction to the Gibberagong Track."
		},
		{
			"type": "waypoint",
			"photo": "p2021529.jpg",
			"lon": 151.140877,
			"lat": -33.685872999999994,
			"description": "Another junction leads down a rougher trail to the left into the gully and down to the Gibberagong track."
		},
		{
			"type": "waypoint",
			"photo": "p2021546.jpg",
			"lon": 151.13810833333332,
			"lat": -33.68289166666666,
			"description": "After descending down to the creek, follow the sign to Bobbin Head to the right."
		},
		{
			"type": "waypoint",
			"photo": "p2021558.jpg",
			"lon": 151.14367777777778,
			"lat": -33.676183333333334,
			"description": "Follow the walking trail along the creek."
		},
		{
			"type": "waypoint",
			"photo": "p2021567.jpg",
			"lon": 151.155243,
			"lat": -33.665073,
			"description": "The trail ends at a rocky outcrop, with Aboriginal stone cuttings."
		},
		{
			"type": "waypoint",
			"photo": "p2021571.jpg",
			"lon": 151.155708,
			"lat": -33.663737,
			"description": "Past the stone cuttins, follow the boardwalk through the mangroves."
		},
		{
			"type": "waypoint",
			"photo": "p2021583.jpg",
			"lon": 151.156508,
			"lat": -33.66344,
			"description": "Cross the bridge at the end of the mangroves and follow the path back onto the Bobbin Head picnic area."
		},
		{
			"type": "waypoint",
			"photo": "p2021585.jpg",
			"lon": 151.158699,
			"lat": -33.660049,
			"description": "Follow the left side of the picnic area and find the stone staircase going up, right before the Bobbin Head Inn."
		},
		{
			"type": "waypoint",
			"photo": "p2021600.jpg",
			"lon": 151.15385,
			"lat": -33.65916388888889,
			"description": "Follow the signs up the ridge to the Kalkari Visitor Centre, which is well worth paying a visit to."
		},
		{
			"type": "waypoint",
			"photo": "p2021624.jpg",
			"description": "From the park entrance gate, follow Ku-Ring-Gai Chase Road to Mount Colah Station.",
			"lon": 151.12964722222222,
			"lat": -33.67723611111111
		},
		{
			"location": "Mount Colah",
			"type": "train",
			"description": "Plan your return trip from Mount Colah at <a href=\"https://transportnsw.info/trip#/?from=Mount Colah\">transportnsw.info</a>.",
			"lon": 151.115156,
			"lat": -33.671218
		}
	]
}