{
	"location": "Mount York",
	"lon": 150.2275947119412,
	"lat": -33.54677200305883,
	"description": "Lorem ipsum dolor sit amet.",
	"keywords": {
		"ipsum": "https://external.link/"
	},
	"distance": [
		0
	],
	"hero": "",
	"zoom": 13,
	"rain": false,
	"fireban": false,
	"key": "mtvictoria-mtyorklookout-mtvictoria",
	"updated": "2014-11-01",
	"bounds": {
		"west": 150.205078125,
		"north": -33.523078808904195,
		"east": 150.27099609375,
		"south": -33.60546961227189
	},
	"markers": [
		{
			"location": "Mount Victoria",
			"type": "train",
			"photo": "pb020002.jpg",
			"description": "Get the train to Mount Victoria using <a href=\"https://transportnsw.info/trip#/?to=Mount Victoria\">transportnsw.info</a>.",
			"lon": 150.256546021,
			"lat": -33.588516235
		},
		{
			"type": "waypoint",
			"photo": "pb020006.jpg",
			"lon": 150.256546,
			"lat": -33.588516000000006,
			"description": "From the exit of the station head left down Station Street."
		},
		{
			"type": "waypoint",
			"photo": "pb020010.jpg",
			"lon": 150.255101,
			"lat": -33.590450000000004,
			"description": "Turn right at the Great Western Highway and follow the footpath along it."
		},
		{
			"type": "waypoint",
			"photo": "pb020015.jpg",
			"lon": 150.24726699989586,
			"lat": -33.585647,
			"description": "At the service station follow the sign to Mount York to the right."
		},
		{
			"type": "waypoint",
			"photo": "pb020016.jpg",
			"lon": 150.24683399999998,
			"lat": -33.584584,
			"description": "Follow the signs to Lockyers Road along the road."
		},
		{
			"type": "waypoint",
			"photo": "pb020025.jpg",
			"lon": 150.24086,
			"lat": -33.576262,
			"description": "At the parking area for Berghofers Pass, this walk follow bushtrail the left, to Lockyers Road instead of Lawsons Long Alley."
		},
		{
			"type": "waypoint",
			"photo": "pb020027.jpg",
			"lon": 150.240175,
			"lat": -33.575517000000005,
			"description": "Instead of going down Lawsons Long Alley, follow the trail that starts parallel to the road to the left."
		},
		{
			"type": "waypoint",
			"photo": "pb020040.jpg",
			"lon": 150.23780499999998,
			"lat": -33.573674000000004,
			"description": "The trail starts out following a power line, to the trail down the ridge."
		},
		{
			"type": "waypoint",
			"photo": "pb020045.jpg",
			"lon": 150.233939,
			"lat": -33.56877600000001,
			"description": "At the split in the trail follow the directions down Lockyers Road, away from the power lines."
		},
		{
			"type": "waypoint",
			"photo": "pb020097_pb020101.jpg",
			"lon": 150.2337,
			"lat": -33.54384900007219,
			"description": "The trail follow the top of a narrow ridge with intermittent views on both sides."
		},
		{
			"type": "waypoint",
			"photo": "pb020129.jpg",
			"lon": 150.234298,
			"lat": -33.54183100008046,
			"description": "At the end of the ridge, the trail gradually descends into the valley."
		},
		{
			"type": "waypoint",
			"photo": "pb020131.jpg",
			"lon": 150.232006,
			"lat": -33.537991999999996,
			"description": "After reaching the bottom, follow the directions to Cox Road to the left or take the detour to the picnic area at the track head."
		},
		{
			"type": "waypoint",
			"photo": "pb020141.jpg",
			"lon": 150.23274900009756,
			"lat": -33.536249999999995,
			"description": "The picnic area has some tables in the shade and latrines."
		},
		{
			"type": "waypoint",
			"photo": "pb020143.jpg",
			"lon": 150.23269,
			"lat": -33.536825,
			"description": "Continue the walk by following the direction to Cox Road."
		},
		{
			"type": "waypoint",
			"photo": "pb020147.jpg",
			"lon": 150.228114,
			"lat": -33.543960999999996,
			"description": "Follow the road along the farm field, until a sign to Mount York veers off to the left down a narrow trail."
		},
		{
			"type": "waypoint",
			"photo": "pb020150.jpg",
			"lon": 150.22785,
			"lat": -33.545051,
			"description": "The trail gets a little rought, but has many signs pointing the right way."
		},
		{
			"type": "waypoint",
			"photo": "pb020162_pb020164.jpg",
			"lon": 150.227597,
			"lat": -33.54675900007775,
			"description": "The walk leads between two farm fields towards Mount York."
		},
		{
			"type": "waypoint",
			"photo": "pb020173.jpg",
			"lon": 150.22431,
			"lat": -33.552336,
			"description": "Eventually the walking track starts to wind its way steeply up Mount York."
		},
		{
			"type": "waypoint",
			"photo": "pb020181.jpg",
			"lon": 150.222192,
			"lat": -33.554148,
			"description": "Near the top there are several trails that all lead to the Mount York car park."
		},
		{
			"type": "waypoint",
			"photo": "pb020202_pb020207.jpg",
			"lon": 150.222209,
			"lat": -33.553118999999995,
			"description": "Many lookouts suround the car park."
		},
		{
			"type": "waypoint",
			"photo": "pb020252.jpg",
			"lon": 150.22113,
			"lat": -33.552946,
			"description": "Follow the signs to the car park to find the monument and main lookout."
		},
		{
			"type": "waypoint",
			"photo": "pb020306.jpg",
			"lon": 150.219322,
			"lat": -33.552282999999996,
			"description": "From the car park follow the walking trail along the main road away from Mount York."
		},
		{
			"type": "waypoint",
			"photo": "pb020318.jpg",
			"lon": 150.2192,
			"lat": -33.554823999999996,
			"description": "Along the way there are several lookouts down side trail to the right of the track."
		},
		{
			"type": "waypoint",
			"photo": "pb020383_pb020390.jpg",
			"lon": 150.2247,
			"lat": -33.56158,
			"description": "Make your way out of the park along the main road."
		},
		{
			"type": "waypoint",
			"photo": "pb020403.jpg",
			"lon": 150.23317600000001,
			"lat": -33.569314000000006,
			"description": "From the intersection with the highway follow the footpath to the left back to Mount Victoria."
		},
		{
			"type": "waypoint",
			"photo": "pb020406.jpg",
			"lon": 150.24696999999998,
			"lat": -33.584745000000005,
			"description": "Head left down Station Street back to the trains."
		},
		{
			"location": "Mount Victoria",
			"type": "train",
			"photo": "pb020409_pb020410.jpg",
			"description": "Plan your return trip from Mount Victoria at <a href=\"https://transportnsw.info/trip#/?from=Mount Victoria\">transportnsw.info</a>.",
			"lon": 150.256729126,
			"lat": -33.588088989
		}
	]
}