{
	"location": "Northern Beaches",
	"lon": 151.317406,
	"lat": -33.672071,
	"description": "Lorem ipsum dolor sit amet.",
	"keywords": {
		"ipsum": "https://external.link/"
	},
	"distance": [
		0
	],
	"hero": "",
	"zoom": 13,
	"rain": true,
	"fireban": true,
	"key": "palmbeach-northernbeaches-manly",
	"updated": "2017-10-20",
	"bounds": {
		"west": 151.270751953125,
		"north": -33.56886118255556,
		"east": 151.358642578125,
		"south": -33.81566630870278
	},
	"markers": [
		{
			"location": "Palm Beach",
			"type": "bus",
			"photo": "0020_dsc_4814_dsc_4823.jpg",
			"description": "Get the bus or ferry to Palm Beach using <a href=\"https://transportnsw.info/trip#/?to=Palm Beach\">transportnsw.info</a>.",
			"lon": 151.319931,
			"lat": -33.596193
		},
		{
			"type": "waypoint",
			"photo": "0030_dsc_4824.jpg",
			"lon": 151.3199435,
			"lat": -33.59613763999086,
			"description": "From the ferry dock bus stop continue following the road up the hill."
		},
		{
			"type": "waypoint",
			"photo": "0080_dsc_4847.jpg",
			"lon": 151.32140286996068,
			"lat": -33.59290897005318,
			"description": "Turn left at the golf course."
		},
		{
			"type": "waypoint",
			"photo": "0090_dsc_4848.jpg",
			"lon": 151.32096723996725,
			"lat": -33.59231498001124,
			"description": "At the end of the street start following the beach to the right."
		},
		{
			"type": "waypoint",
			"photo": "0110_dsc_4865.jpg",
			"lon": 151.3211701000046,
			"lat": -33.591310199976334,
			"description": "Follow the beach towards the lighthouse."
		},
		{
			"type": "waypoint",
			"photo": "0140_dsc_4876.jpg",
			"lon": 151.32385876001393,
			"lat": -33.58780575001496,
			"description": "Walk around the restaurant halfway down the beach."
		},
		{
			"type": "waypoint",
			"photo": "0220_dsc_4904.jpg",
			"lon": 151.32608952001328,
			"lat": -33.582562010002704,
			"description": "Near the end of the headland, follow the sign to the lighthouse."
		},
		{
			"type": "waypoint",
			"photo": "0240_dsc_4906.jpg",
			"lon": 151.3264663899893,
			"lat": -33.58180076999183,
			"description": "At the fork follow the access trail, but either way is valid."
		},
		{
			"type": "waypoint",
			"photo": "0380_dsc_4993.jpg",
			"lon": 151.32813872995692,
			"lat": -33.57959033998638,
			"description": "Follow the access trail up to the lighthouse."
		},
		{
			"type": "waypoint",
			"photo": "0480_dsc_5029.jpg",
			"lon": 151.32987735002112,
			"lat": -33.58005284000905,
			"description": "On your way down find the Smugglers trail between the lighthouse cottages."
		},
		{
			"type": "waypoint",
			"photo": "0570_dsc_5054.jpg",
			"lon": 151.3272954600631,
			"lat": -33.581341849871265,
			"description": "Follow the Smugglers trail back down to the fork with the access trail."
		},
		{
			"type": "waypoint",
			"photo": "0600_dsc_5057.jpg",
			"lon": 151.32654895991882,
			"lat": -33.58216730998989,
			"description": "Follow the beach back a short distance and watch for a trail across the dunes to the left."
		},
		{
			"type": "waypoint",
			"photo": "0650_dsc_5064.jpg",
			"lon": 151.32781405990016,
			"lat": -33.58315432994679,
			"description": "Cross the dunes to Palm Beach on the other side of the headland."
		},
		{
			"type": "waypoint",
			"photo": "0690_dsc_5074.jpg",
			"lon": 151.3263235000499,
			"lat": -33.587967850036655,
			"description": "Follow Palm Beach to rock pools at the far end."
		},
		{
			"type": "waypoint",
			"photo": "0760_dsc_5093.jpg",
			"lon": 151.3280743000718,
			"lat": -33.599840139967405,
			"description": "At the rock pools find the staircase up to the road above."
		},
		{
			"type": "waypoint",
			"photo": "0790_dsc_5096.jpg",
			"lon": 151.3293503399989,
			"lat": -33.60128010000209,
			"description": "Follow the road to the left along the cliffs."
		},
		{
			"type": "waypoint",
			"photo": "0840_dsc_5110.jpg",
			"lon": 151.33199852003642,
			"lat": -33.60678994001431,
			"description": "Watch for a public pathway down to Whale Beach on the left."
		},
		{
			"type": "waypoint",
			"photo": "0860_dsc_5112.jpg",
			"lon": 151.3314029599935,
			"lat": -33.612345990005736,
			"description": "Follow Whale Beach to the end."
		},
		{
			"type": "waypoint",
			"photo": "0880_dsc_5114.jpg",
			"lon": 151.3313185901191,
			"lat": -33.61317592001702,
			"description": "Use the staircase the end of Whale Beach to get back to Whale Beach Road."
		},
		{
			"type": "waypoint",
			"photo": "0900_dsc_5116.jpg",
			"lon": 151.3305292199649,
			"lat": -33.61378135000372,
			"description": "Turn left and continue along the Whale Beach Road."
		},
		{
			"type": "waypoint",
			"photo": "0940_dsc_5121.jpg",
			"lon": 151.33821925002235,
			"lat": -33.620725499976245,
			"description": "Watch on the left for a staircase into Bangalley Head."
		},
		{
			"type": "waypoint",
			"photo": "1030_dsc_5133.jpg",
			"lon": 151.34113329996666,
			"lat": -33.623642960008866,
			"description": "Follow the trail through Bangalley Head."
		},
		{
			"type": "waypoint",
			"photo": "1070_dsc_5138.jpg",
			"lon": 151.33941131000134,
			"lat": -33.62717319007419,
			"description": "The trail ends in a grassy reserve. Cross it to find the exit on the far end."
		},
		{
			"type": "waypoint",
			"photo": "1110_dsc_5141.jpg",
			"lon": 151.33580095000067,
			"lat": -33.632577860006165,
			"description": "Follow Marine Parade to the left to the carpark for Avalon Beach."
		},
		{
			"type": "waypoint",
			"photo": "1120_dsc_5142_dsc_5143.jpg",
			"lon": 151.3351777777778,
			"lat": -33.632777777777775,
			"description": "Take the path down to the beach and follow it to the surf club."
		},
		{
			"type": "waypoint",
			"photo": "1150_dsc_5145.jpg",
			"lon": 151.33151744000463,
			"lat": -33.63641297000422,
			"description": "Leave the beach through the reserve past the surf club."
		},
		{
			"type": "waypoint",
			"photo": "1190_dsc_5149.jpg",
			"lon": 151.33128255005707,
			"lat": -33.63906546001153,
			"description": "Follow the footpath along Barrenjoey Road."
		},
		{
			"type": "waypoint",
			"photo": "1200_dsc_5150.jpg",
			"lon": 151.33223547008546,
			"lat": -33.64118670996578,
			"description": "Turn left and follow the sign down the Serpentine."
		},
		{
			"type": "waypoint",
			"photo": "1230_dsc_5153.jpg",
			"lon": 151.32781307002935,
			"lat": -33.64312396998872,
			"description": "Watch on the left to find a pathway down to Bilgola Beach."
		},
		{
			"type": "waypoint",
			"photo": "1260_dsc_5156.jpg",
			"lon": 151.32867779006884,
			"lat": -33.64443192000652,
			"description": "Follow the beach to the surf club at the far end."
		},
		{
			"type": "waypoint",
			"photo": "1270_dsc_5157.jpg",
			"lon": 151.32703140001746,
			"lat": -33.64600594991006,
			"description": "From the surf club's carpark a staircase leads up the next headland."
		},
		{
			"type": "waypoint",
			"photo": "1300_dsc_5160.jpg",
			"lon": 151.32661942000652,
			"lat": -33.64695233993684,
			"description": "Follow the path around the headland."
		},
		{
			"type": "waypoint",
			"photo": "1360_dsc_5164_dsc_5166.jpg",
			"lon": 151.32524999999998,
			"lat": -33.64926111111111,
			"description": "The path eventually descends down to Newport Beach and continues along it."
		},
		{
			"type": "waypoint",
			"photo": "1390_dsc_5169.jpg",
			"lon": 151.32318670997967,
			"lat": -33.65637568001252,
			"description": "Continue past the surf club and take path off the beach before the rock pools."
		},
		{
			"type": "waypoint",
			"photo": "1410_dsc_5171.jpg",
			"lon": 151.32313783998842,
			"lat": -33.65846456994184,
			"description": "From the beach trail, follow Calvert Parade to the left"
		},
		{
			"type": "waypoint",
			"photo": "1420_dsc_5172.jpg",
			"lon": 151.32347932001403,
			"lat": -33.659704690000844,
			"description": "Turn right at the stop signs and immediately left again into Melaleuca Street."
		},
		{
			"type": "waypoint",
			"photo": "1440_dsc_5174.jpg",
			"lon": 151.32212530999715,
			"lat": -33.66127044989775,
			"description": "At the end of Melaleuca Street a dirt track lead to Bungan Head Road."
		},
		{
			"type": "waypoint",
			"photo": "1460_dsc_5176.jpg",
			"lon": 151.32352877000162,
			"lat": -33.66221521999238,
			"description": "Follow Bungan Head Road to the left around the headland."
		},
		{
			"type": "waypoint",
			"photo": "1490_dsc_5180.jpg",
			"lon": 151.32160792000087,
			"lat": -33.66326081007115,
			"description": "Watch on the left for a concrete path leading down to Bungan Beach."
		},
		{
			"type": "waypoint",
			"photo": "1500_dsc_5182.jpg",
			"lon": 151.3199537600024,
			"lat": -33.66644946991601,
			"description": "Continue halfway down the beach."
		},
		{
			"type": "waypoint",
			"photo": "1520_dsc_5185.jpg",
			"lon": 151.3186219899998,
			"lat": -33.66686788999901,
			"description": "A steep staircase leads back up to Barrenjoey Road."
		},
		{
			"type": "waypoint",
			"photo": "1550_dsc_5188.jpg",
			"lon": 151.31734431999806,
			"lat": -33.6667872300005,
			"description": "Follow Barrenjoey Road to the left."
		},
		{
			"type": "waypoint",
			"photo": "1560_dsc_5189.jpg",
			"lon": 151.3165184000632,
			"lat": -33.669291790013816,
			"description": "Head left down Hillcrest Avenue to the reserve at the end."
		},
		{
			"type": "waypoint",
			"photo": "1620_dsc_5205.jpg",
			"lon": 151.31953862000697,
			"lat": -33.67457173993693,
			"description": "Cross the reserve and find the dirt trail continuing around the headland."
		},
		{
			"type": "waypoint",
			"photo": "1640_dsc_5207.jpg",
			"lon": 151.3180968599974,
			"lat": -33.674676840022364,
			"description": "The trail seems to end at a cul de sac... "
		},
		{
			"type": "waypoint",
			"photo": "1650_dsc_5208.jpg",
			"lon": 151.31800719999998,
			"lat": -33.67448976000352,
			"description": "... but continues immediately to the left of it."
		},
		{
			"type": "waypoint",
			"photo": "1680_dsc_5213.jpg",
			"lon": 151.31114653002518,
			"lat": -33.68340018000016,
			"description": "At the end of the trail continue along Mona Vale Beach."
		},
		{
			"type": "waypoint",
			"photo": "1690_dsc_5215.jpg",
			"lon": 151.3100549499843,
			"lat": -33.685453769999114,
			"description": "At high tide you may have to use the stairs up the headland instead of walking around below."
		},
		{
			"type": "waypoint",
			"photo": "1760_dsc_5222.jpg",
			"lon": 151.30892338000154,
			"lat": -33.691843739993594,
			"description": "Continue to the surf club to find a staircase leading up the next headland."
		},
		{
			"type": "waypoint",
			"photo": "1800_dsc_5243.jpg",
			"lon": 151.31049825991005,
			"lat": -33.69369550998017,
			"description": "Follow the bush path along the headland."
		},
		{
			"type": "waypoint",
			"photo": "1860_dsc_5253.jpg",
			"lon": 151.3118157301167,
			"lat": -33.694934350004814,
			"description": "Either fork in the trail will do, but the left one leads past a lookout."
		},
		{
			"type": "waypoint",
			"photo": "1900_dsc_5260.jpg",
			"lon": 151.31043861007848,
			"lat": -33.69617479003166,
			"description": "The trail ends on Turimetta Beach."
		},
		{
			"type": "waypoint",
			"photo": "1910_dsc_5261.jpg",
			"lon": 151.31052980999402,
			"lat": -33.69710603003811,
			"description": "Continue along the beach to the far end."
		},
		{
			"type": "waypoint",
			"photo": "1930_dsc_5263.jpg",
			"lon": 151.30918149997868,
			"lat": -33.699580649937076,
			"description": "Take the staircase up to the next headland."
		},
		{
			"type": "waypoint",
			"photo": "1940_dsc_5264.jpg",
			"lon": 151.30874275997664,
			"lat": -33.69970513997246,
			"description": "Cross the reserve at the top to find another bushtrail continuing around the headland."
		},
		{
			"type": "waypoint",
			"photo": "1960_dsc_5266.jpg",
			"lon": 151.3081627300002,
			"lat": -33.70052162999569,
			"description": "Follow the trail across the headland past several lookouts."
		},
		{
			"type": "waypoint",
			"photo": "2040_dsc_5292.jpg",
			"lon": 151.30737239998368,
			"lat": -33.70166556,
			"description": "From the lookout across Narrabeen Lagoon, take the staircase down to the carpark."
		},
		{
			"type": "waypoint",
			"photo": "2060_dsc_5299.jpg",
			"lon": 151.3067671100028,
			"lat": -33.701595680005724,
			"description": "Follow the footpath along the lagoon to the bridge."
		},
		{
			"location": "Narrabeen",
			"type": "bus",
			"photo": "2078_p3092168p.jpg",
			"description": "Get the bus to/from Narrabeen Lagoon using <a href=\"https://transportnsw.info/trip#/?from=Pittwater Rd opp Gondola Rd\">transportnsw.info</a>.",
			"lon": 151.296573,
			"lat": -33.708237
		},
		{
			"type": "waypoint",
			"photo": "2080_dsc_5302.jpg",
			"lon": 151.3048097500428,
			"lat": -33.70373585001011,
			"description": "After the bridge enter the beach carpark on the left."
		},
		{
			"type": "waypoint",
			"photo": "2110_dsc_5307.jpg",
			"lon": 151.30182494000053,
			"lat": -33.73198057994148,
			"description": "Follow Collaroy Beach to the rock pools at the end."
		},
		{
			"type": "waypoint",
			"photo": "2130_dsc_5312.jpg",
			"lon": 151.30332878999198,
			"lat": -33.733593770000184,
			"description": "Use the stairs at the rock pool to across the headland."
		},
		{
			"type": "waypoint",
			"photo": "2160_dsc_5315.jpg",
			"lon": 151.30472606996983,
			"lat": -33.734060970000314,
			"description": "Continue along Fishermans Beach to the next headland."
		},
		{
			"type": "waypoint",
			"photo": "2190_dsc_5322.jpg",
			"lon": 151.30939385008352,
			"lat": -33.7393868199934,
			"description": "Follow the road up the headland to the car park."
		},
		{
			"type": "waypoint",
			"photo": "2210_dsc_5324.jpg",
			"lon": 151.31334633007316,
			"lat": -33.73907323002127,
			"description": "From the car park follow the path around the golf course on the headland."
		},
		{
			"type": "waypoint",
			"photo": "2240_dsc_5328_dsc_5331.jpg",
			"lon": 151.3149138888889,
			"lat": -33.74157777777778,
			"description": "On the far side of the headland, continue along the path until it ends on Long Reef Beach."
		},
		{
			"type": "waypoint",
			"photo": "2290_dsc_5345.jpg",
			"lon": 151.2972748099552,
			"lat": -33.752788200005085,
			"description": "Follow Long Reef / Dee Why Beach to the surf club."
		},
		{
			"type": "waypoint",
			"photo": "2310_dsc_5355.jpg",
			"lon": 151.29834166000532,
			"lat": -33.754975919995935,
			"description": "Go up the stairs from the rock pools and cross the car park."
		},
		{
			"type": "waypoint",
			"photo": "2320_dsc_5356.jpg",
			"lon": 151.29884201003372,
			"lat": -33.75600885003507,
			"description": "Continue past the gate at the car park."
		},
		{
			"type": "waypoint",
			"photo": "2400_dsc_5380.jpg",
			"lon": 151.30170565000859,
			"lat": -33.7642828999212,
			"description": "Follow the path along the headland past several lookouts."
		},
		{
			"type": "waypoint",
			"photo": "2480_dsc_5401_dsc_5407.jpg",
			"lon": 151.30051666666668,
			"lat": -33.76632222222222,
			"description": "Take the stairs down to Curl Curl Lagoon."
		},
		{
			"type": "waypoint",
			"photo": "2510_dsc_5411.jpg",
			"lon": 151.29977840005532,
			"lat": -33.76635917001339,
			"description": "Heading left from the car park cross the lagoon near the beach."
		},
		{
			"type": "waypoint",
			"photo": "2550_dsc_5421.jpg",
			"lon": 151.29881877000074,
			"lat": -33.767225689998575,
			"description": "Cross Curl Curl Beach to the other end."
		},
		{
			"type": "waypoint",
			"photo": "2580_dsc_5424.jpg",
			"lon": 151.29280942999736,
			"lat": -33.774526080046236,
			"description": "At the far end use the staircase to get onto the headland."
		},
		{
			"type": "waypoint",
			"photo": "2630_dsc_5430.jpg",
			"lon": 151.2946243099886,
			"lat": -33.780326279989275,
			"description": "Follow the footpath around the headland to Freshwater Beach."
		},
		{
			"type": "waypoint",
			"photo": "2650_dsc_5432.jpg",
			"lon": 151.29441417000865,
			"lat": -33.7811419499269,
			"description": "Use the staircase at the rock pools to get onto Freshwater Beach."
		},
		{
			"type": "waypoint",
			"photo": "2670_dsc_5444.jpg",
			"lon": 151.2928183299949,
			"lat": -33.780691139950335,
			"description": "Cross Freshwater Beach to the other side."
		},
		{
			"type": "waypoint",
			"photo": "2680_dsc_5445.jpg",
			"lon": 151.2895633400231,
			"lat": -33.782350799977856,
			"description": "Use the staircase at the end of the beach to get up the cliffs."
		},
		{
			"type": "waypoint",
			"photo": "2730_dsc_5450.jpg",
			"lon": 151.28863412000618,
			"lat": -33.78290567993366,
			"description": "Follow Bridge street across the headland."
		},
		{
			"type": "waypoint",
			"photo": "2750_dsc_5452.jpg",
			"lon": 151.2879271899886,
			"lat": -33.784711700001765,
			"description": "Cross the bridge and follow the esplanade along the beach."
		},
		{
			"type": "waypoint",
			"photo": "2770_dsc_5455.jpg",
			"lon": 151.28820694002124,
			"lat": -33.796620009887526,
			"description": "Follow the shopping arcade to the Manly Ferry Dock."
		},
		{
			"location": "Manly",
			"type": "ferry",
			"photo": "2780_dsc_5456.jpg",
			"description": "Plan your return trip from Narrabeen at <a href=\"https://transportnsw.info/trip#/?from=Manly\">transportnsw.info</a>.",
			"lat": -33.80003333333333,
			"lon": 151.2852861111111
		}
	]
}