{
	"location": "Royal National Park",
	"lon": 151.077309195,
	"lat": -34.1664964333,
	"description": "Lorem ipsum dolor sit amet.",
	"keywords": {
		"ipsum": "https://external.link/"
	},
	"distance": [
		0
	],
	"hero": "",
	"zoom": 13,
	"rain": false,
	"fireban": false,
	"key": "waterfall-royalcoasttrack-bundeena",
	"updated": "2013-02-16",
	"bounds": {
		"west": 150.97412109375,
		"north": -34.03445260967645,
		"east": 151.182861328125,
		"south": -34.17999758688084
	},
	"markers": [
		{
			"location": "Waterfall",
			"type": "train",
			"photo": "000_pa055975.jpg",
			"description": "Get the train to Waterfall using <a href=\"https://transportnsw.info/trip#/?to=Waterfall\">transportnsw.info</a>.",
			"lon": 150.9947934654,
			"lat": -34.134762045
		},
		{
			"type": "waypoint",
			"photo": "001_pxl_20220128_201931357.jpg",
			"description": "Lorem ipsum dolor sit amet.",
			"lon": 150.995465,
			"lat": -34.135129
		},
		{
			"type": "waypoint",
			"photo": "001_pxl_20220128_201941134.jpg",
			"description": "Lorem ipsum dolor sit amet.",
			"lon": 150.995498,
			"lat": -34.135099
		},
		{
			"type": "waypoint",
			"photo": "001_pxl_20220128_201956402.jpg",
			"description": "Lorem ipsum dolor sit amet.",
			"lon": 150.995547,
			"lat": -34.135074
		},
		{
			"type": "waypoint",
			"photo": "001_pxl_20220128_202111987.jpg",
			"description": "Lorem ipsum dolor sit amet.",
			"lon": 150.99625899999998,
			"lat": -34.135319
		},
		{
			"type": "waypoint",
			"photo": "001_pxl_20220128_202446121.jpg",
			"description": "Lorem ipsum dolor sit amet.",
			"lon": 150.99843900011706,
			"lat": -34.136944
		},
		{
			"type": "waypoint",
			"photo": "001_pxl_20220128_202850348.jpg",
			"description": "Lorem ipsum dolor sit amet.",
			"lon": 150.999231000075,
			"lat": -34.137512
		},
		{
			"type": "waypoint",
			"photo": "001_pxl_20220128_203300886.jpg",
			"description": "Lorem ipsum dolor sit amet.",
			"lon": 151.00241,
			"lat": -34.138331
		},
		{
			"type": "waypoint",
			"photo": "001_pxl_20220128_203525071.jpg",
			"description": "Lorem ipsum dolor sit amet.",
			"lon": 151.004628,
			"lat": -34.137898
		},
		{
			"type": "waypoint",
			"photo": "001_pxl_20220128_203559183.jpg",
			"description": "Lorem ipsum dolor sit amet.",
			"lon": 151.005005,
			"lat": -34.137648999999996
		},
		{
			"type": "waypoint",
			"photo": "001_pxl_20220128_203919771.jpg",
			"description": "Lorem ipsum dolor sit amet.",
			"lon": 151.007092,
			"lat": -34.13798
		},
		{
			"type": "waypoint",
			"photo": "001_pxl_20220128_204031090.jpg",
			"description": "Lorem ipsum dolor sit amet.",
			"lon": 151.007936,
			"lat": -34.138106
		},
		{
			"type": "waypoint",
			"photo": "001_pxl_20220128_210432532.jpg",
			"description": "Lorem ipsum dolor sit amet.",
			"lon": 151.012434,
			"lat": -34.141322999927986
		},
		{
			"type": "waypoint",
			"photo": "001_pxl_20220128_210545911.jpg",
			"description": "Lorem ipsum dolor sit amet.",
			"lon": 151.01296899990592,
			"lat": -34.14131
		},
		{
			"type": "waypoint",
			"photo": "001_pxl_20220128_210722700.jpg",
			"description": "Lorem ipsum dolor sit amet.",
			"lon": 151.01360899987935,
			"lat": -34.141736
		},
		{
			"type": "waypoint",
			"photo": "001_pxl_20220128_211507028.jpg",
			"description": "Lorem ipsum dolor sit amet.",
			"lon": 151.01760000000002,
			"lat": -34.142953
		},
		{
			"type": "waypoint",
			"photo": "001_pxl_20220128_211728211.jpg",
			"description": "Lorem ipsum dolor sit amet.",
			"lon": 151.01937900000001,
			"lat": -34.142734
		},
		{
			"type": "waypoint",
			"photo": "003_pxl_20220128_212527544.jpg",
			"description": "<i>+2km</i> Lorem ipsum dolor sit amet.",
			"lon": 151.021958,
			"lat": -34.146911,
			"optional": true
		},
		{
			"type": "waypoint",
			"photo": "003_pxl_20220128_212542236.jpg",
			"description": "Lorem ipsum dolor sit amet.",
			"lon": 151.02201100000002,
			"lat": -34.146980999912444,
			"optional": true
		},
		{
			"type": "waypoint",
			"photo": "003_pxl_20220128_213048307.jpg",
			"description": "Lorem ipsum dolor sit amet.",
			"lon": 151.021918,
			"lat": -34.148139,
			"optional": true
		},
		{
			"type": "waypoint",
			"photo": "003_pxl_20220128_213101801.jpg",
			"description": "Lorem ipsum dolor sit amet.",
			"lon": 151.02191900000003,
			"lat": -34.148240999922244,
			"optional": true
		},
		{
			"type": "waypoint",
			"photo": "003_pxl_20220128_213127261.jpg",
			"description": "Lorem ipsum dolor sit amet.",
			"lon": 151.021892,
			"lat": -34.14828700008868,
			"optional": true
		},
		{
			"type": "waypoint",
			"photo": "003_pxl_20220128_213216071.jpg",
			"description": "Lorem ipsum dolor sit amet.",
			"lon": 151.021929,
			"lat": -34.148534,
			"optional": true
		},
		{
			"type": "waypoint",
			"photo": "003_pxl_20220128_213524089.jpg",
			"description": "Lorem ipsum dolor sit amet.",
			"lon": 151.02248500000002,
			"lat": -34.150222,
			"optional": true
		},
		{
			"type": "waypoint",
			"photo": "003_pxl_20220128_213641481.jpg",
			"description": "Lorem ipsum dolor sit amet.",
			"lon": 151.02293500000002,
			"lat": -34.150985,
			"optional": true
		},
		{
			"type": "waypoint",
			"photo": "003_pxl_20220128_213801256.jpg",
			"description": "Lorem ipsum dolor sit amet.",
			"lon": 151.023905,
			"lat": -34.151232,
			"optional": true
		},
		{
			"type": "waypoint",
			"photo": "003_pxl_20220128_214444039.jpg",
			"description": "Lorem ipsum dolor sit amet.",
			"lon": 151.028377,
			"lat": -34.151866,
			"optional": true
		},
		{
			"type": "waypoint",
			"photo": "003_pxl_20220128_214507913.jpg",
			"description": "Lorem ipsum dolor sit amet.",
			"lon": 151.02864200000002,
			"lat": -34.152093,
			"optional": true
		},
		{
			"type": "waypoint",
			"photo": "003_pxl_20220128_214601915.jpg",
			"description": "Lorem ipsum dolor sit amet.",
			"lon": 151.028717,
			"lat": -34.151643,
			"optional": true
		},
		{
			"type": "waypoint",
			"photo": "003_pxl_20220128_215036677.jpg",
			"description": "Lorem ipsum dolor sit amet.",
			"lon": 151.029606,
			"lat": -34.148938,
			"optional": true
		},
		{
			"type": "waypoint",
			"photo": "003_pxl_20220128_215048673.jpg",
			"description": "Lorem ipsum dolor sit amet.",
			"lon": 151.02968,
			"lat": -34.148866,
			"optional": true
		},
		{
			"type": "waypoint",
			"photo": "003_pxl_20220128_215513632.jpg",
			"description": "Lorem ipsum dolor sit amet.",
			"lon": 151.02630900000003,
			"lat": -34.149135,
			"optional": true
		},
		{
			"type": "waypoint",
			"photo": "003_pxl_20220128_220003414.jpg",
			"description": "Lorem ipsum dolor sit amet.",
			"lon": 151.02385500000003,
			"lat": -34.14797,
			"optional": true
		},
		{
			"type": "waypoint",
			"photo": "002_pxl_20220916_220116230.jpg",
			"description": "Lorem ipsum dolor sit amet.",
			"lon": 151.02227222222223,
			"lat": -34.14698611111111
		},
		{
			"type": "waypoint",
			"photo": "002_pxl_20220916_220253061.jpg",
			"description": "Lorem ipsum dolor sit amet.",
			"lon": 151.02222500000002,
			"lat": -34.146769444444445
		},
		{
			"type": "waypoint",
			"photo": "003_pxl_20220128_220246233.jpg",
			"description": "Lorem ipsum dolor sit amet.",
			"lon": 151.02234700000002,
			"lat": -34.146991
		},
		{
			"type": "waypoint",
			"photo": "003_pxl_20220128_220546404.jpg",
			"description": "Lorem ipsum dolor sit amet.",
			"lon": 151.023511,
			"lat": -34.147866
		},
		{
			"type": "waypoint",
			"photo": "002_pxl_20220916_221218347.jpg",
			"description": "Lorem ipsum dolor sit amet.",
			"lon": 151.0235888888889,
			"lat": -34.14783055555556
		},
		{
			"type": "waypoint",
			"photo": "002_pxl_20220916_221252069.jpg",
			"description": "Lorem ipsum dolor sit amet.",
			"lon": 151.0235888888889,
			"lat": -34.14783055555556
		},
		{
			"type": "waypoint",
			"photo": "003_pxl_20220128_224230597.jpg",
			"description": "Lorem ipsum dolor sit amet.",
			"lon": 151.030686,
			"lat": -34.141137
		},
		{
			"type": "waypoint",
			"photo": "003_pxl_20220128_224408732.jpg",
			"description": "Lorem ipsum dolor sit amet.",
			"lon": 151.031012,
			"lat": -34.141886
		},
		{
			"type": "waypoint",
			"photo": "003_pxl_20220128_224506366.jpg",
			"description": "Lorem ipsum dolor sit amet.",
			"lon": 151.03118699991754,
			"lat": -34.142300999999996
		},
		{
			"type": "waypoint",
			"photo": "003_pxl_20220128_224533445.jpg",
			"description": "Lorem ipsum dolor sit amet.",
			"lon": 151.0313429998914,
			"lat": -34.142613
		},
		{
			"type": "waypoint",
			"photo": "003_pxl_20220128_224624702.jpg",
			"description": "Lorem ipsum dolor sit amet.",
			"lon": 151.031325,
			"lat": -34.14311
		},
		{
			"type": "waypoint",
			"photo": "003_pxl_20220128_224754381.jpg",
			"description": "Lorem ipsum dolor sit amet.",
			"lon": 151.032036,
			"lat": -34.143482999999996
		},
		{
			"type": "waypoint",
			"photo": "003_pxl_20220128_224804893.jpg",
			"description": "Lorem ipsum dolor sit amet.",
			"lon": 151.032046,
			"lat": -34.143491
		},
		{
			"type": "waypoint",
			"photo": "003_pxl_20220128_225245682.jpg",
			"description": "Lorem ipsum dolor sit amet.",
			"lon": 151.032025,
			"lat": -34.146388
		},
		{
			"type": "waypoint",
			"photo": "003_pxl_20220128_225505996.jpg",
			"description": "Lorem ipsum dolor sit amet.",
			"lon": 151.033364,
			"lat": -34.147085
		},
		{
			"type": "waypoint",
			"photo": "003_pxl_20220128_225931254.jpg",
			"description": "Lorem ipsum dolor sit amet.",
			"lon": 151.035824,
			"lat": -34.148159
		},
		{
			"type": "waypoint",
			"photo": "003_pxl_20220128_230335848.jpg",
			"description": "Lorem ipsum dolor sit amet.",
			"lon": 151.035419,
			"lat": -34.149330999900705
		},
		{
			"type": "waypoint",
			"photo": "003_pxl_20220128_230403037.jpg",
			"description": "Lorem ipsum dolor sit amet.",
			"lon": 151.035496,
			"lat": -34.149454999999996
		},
		{
			"type": "waypoint",
			"photo": "003_pxl_20220128_231442172.jpg",
			"description": "Lorem ipsum dolor sit amet.",
			"lon": 151.037856,
			"lat": -34.151027
		},
		{
			"type": "waypoint",
			"photo": "003_pxl_20220128_231732789.jpg",
			"description": "Lorem ipsum dolor sit amet.",
			"lon": 151.037997,
			"lat": -34.151539
		},
		{
			"type": "waypoint",
			"photo": "003_pxl_20220128_232634466.jpg",
			"description": "Lorem ipsum dolor sit amet.",
			"lon": 151.040341,
			"lat": -34.152029999999996
		},
		{
			"type": "waypoint",
			"photo": "003_pxl_20220128_232645686.jpg",
			"description": "Lorem ipsum dolor sit amet.",
			"lon": 151.040462,
			"lat": -34.152062
		},
		{
			"type": "waypoint",
			"photo": "003_pxl_20220128_232843854.jpg",
			"description": "Lorem ipsum dolor sit amet.",
			"lon": 151.041841,
			"lat": -34.152166
		},
		{
			"type": "waypoint",
			"photo": "003_pxl_20220128_233035265.jpg",
			"description": "Lorem ipsum dolor sit amet.",
			"lon": 151.043001,
			"lat": -34.152620999999996
		},
		{
			"type": "waypoint",
			"photo": "003_pxl_20220128_233214995.jpg",
			"description": "Lorem ipsum dolor sit amet.",
			"lon": 151.043714,
			"lat": -34.152743
		},
		{
			"type": "waypoint",
			"photo": "003_pxl_20220128_233913310.jpg",
			"description": "Lorem ipsum dolor sit amet.",
			"lon": 151.046016,
			"lat": -34.15342
		},
		{
			"type": "waypoint",
			"photo": "003_pxl_20220128_234700527.jpg",
			"description": "Lorem ipsum dolor sit amet.",
			"lon": 151.051294,
			"lat": -34.151672
		},
		{
			"type": "waypoint",
			"photo": "003_pxl_20220128_235334140.jpg",
			"description": "Lorem ipsum dolor sit amet.",
			"lon": 151.054102,
			"lat": -34.148953
		},
		{
			"type": "waypoint",
			"photo": "003_pxl_20220129_000308260.jpg",
			"description": "Lorem ipsum dolor sit amet.",
			"lon": 151.05843000000002,
			"lat": -34.150425
		},
		{
			"type": "waypoint",
			"photo": "003_pxl_20220129_000337460.jpg",
			"description": "Lorem ipsum dolor sit amet.",
			"lon": 151.058512,
			"lat": -34.15058
		},
		{
			"type": "waypoint",
			"photo": "003_pxl_20220129_000343493.jpg",
			"description": "Lorem ipsum dolor sit amet.",
			"lon": 151.058513,
			"lat": -34.150593
		},
		{
			"type": "waypoint",
			"photo": "003_pxl_20220129_000625521.jpg",
			"description": "Lorem ipsum dolor sit amet.",
			"lon": 151.059423,
			"lat": -34.152044
		},
		{
			"type": "waypoint",
			"photo": "003_pxl_20220129_000912334.jpg",
			"description": "Lorem ipsum dolor sit amet.",
			"lon": 151.060621,
			"lat": -34.150632
		},
		{
			"type": "waypoint",
			"photo": "003_pxl_20220129_001323172.jpg",
			"description": "Lorem ipsum dolor sit amet.",
			"lon": 151.061674,
			"lat": -34.148066
		},
		{
			"type": "waypoint",
			"photo": "003_pxl_20220129_001338355.jpg",
			"description": "Lorem ipsum dolor sit amet.",
			"lon": 151.061778,
			"lat": -34.14805
		},
		{
			"type": "waypoint",
			"photo": "003_pxl_20220129_001446281.jpg",
			"description": "Lorem ipsum dolor sit amet.",
			"lon": 151.062652,
			"lat": -34.148021
		},
		{
			"type": "waypoint",
			"photo": "003_pxl_20220129_001629701.jpg",
			"description": "Lorem ipsum dolor sit amet.",
			"lon": 151.06390000000002,
			"lat": -34.147828
		},
		{
			"type": "waypoint",
			"photo": "003_pxl_20220129_001728261.jpg",
			"description": "Lorem ipsum dolor sit amet.",
			"lon": 151.06448400000002,
			"lat": -34.147726
		},
		{
			"type": "waypoint",
			"photo": "003_pxl_20220129_002506951.jpg",
			"description": "Lorem ipsum dolor sit amet.",
			"lon": 151.068802,
			"lat": -34.148664
		},
		{
			"type": "waypoint",
			"photo": "003_pxl_20220129_004407997.jpg",
			"description": "Lorem ipsum dolor sit amet.",
			"lon": 151.0816670001334,
			"lat": -34.154122
		},
		{
			"type": "waypoint",
			"photo": "003_pxl_20220129_004647916.jpg",
			"description": "Lorem ipsum dolor sit amet.",
			"lon": 151.082722,
			"lat": -34.155262
		},
		{
			"type": "waypoint",
			"photo": "003_pxl_20220129_005411341.jpg",
			"description": "Lorem ipsum dolor sit amet.",
			"lon": 151.076872,
			"lat": -34.156988
		},
		{
			"type": "waypoint",
			"photo": "003_pxl_20220129_010010469.jpg",
			"description": "Lorem ipsum dolor sit amet.",
			"lon": 151.07312199999998,
			"lat": -34.159454
		},
		{
			"type": "waypoint",
			"photo": "003_pxl_20220129_010051262.jpg",
			"description": "Lorem ipsum dolor sit amet.",
			"lon": 151.073311,
			"lat": -34.159801
		},
		{
			"type": "waypoint",
			"photo": "003_pxl_20220129_011244580.jpg",
			"description": "Lorem ipsum dolor sit amet.",
			"lon": 151.08085499999999,
			"lat": -34.165211
		},
		{
			"type": "waypoint",
			"photo": "003_pxl_20220129_011326860.jpg",
			"description": "<i>+1km</i> Lorem ipsum dolor sit amet.",
			"lon": 151.080791,
			"lat": -34.16547,
			"optional": true
		},
		{
			"type": "waypoint",
			"photo": "003_pxl_20220129_011856182.jpg",
			"description": "Lorem ipsum dolor sit amet.",
			"lon": 151.07689,
			"lat": -34.166665,
			"optional": true
		},
		{
			"type": "waypoint",
			"photo": "003_pxl_20220129_012721909.jpg",
			"description": "Lorem ipsum dolor sit amet.",
			"lon": 151.082055,
			"lat": -34.164263
		},
		{
			"type": "waypoint",
			"photo": "003_pxl_20220129_013800499.jpg",
			"description": "Lorem ipsum dolor sit amet.",
			"lon": 151.0885,
			"lat": -34.160235
		},
		{
			"type": "waypoint",
			"photo": "003_pxl_20220129_014547023.jpg",
			"description": "Lorem ipsum dolor sit amet.",
			"lon": 151.09433100008047,
			"lat": -34.157894
		},
		{
			"type": "waypoint",
			"photo": "003_pxl_20220129_015128420.jpg",
			"description": "Lorem ipsum dolor sit amet.",
			"lon": 151.096306,
			"lat": -34.155012
		},
		{
			"type": "waypoint",
			"photo": "003_pxl_20220129_015151696.jpg",
			"description": "Lorem ipsum dolor sit amet.",
			"lon": 151.096413,
			"lat": -34.154938
		},
		{
			"type": "waypoint",
			"photo": "003_pxl_20220129_015540215.jpg",
			"description": "Lorem ipsum dolor sit amet.",
			"lon": 151.09813200000002,
			"lat": -34.153683
		},
		{
			"type": "waypoint",
			"photo": "003_pxl_20220129_015549995.jpg",
			"description": "Lorem ipsum dolor sit amet.",
			"lon": 151.09813100000002,
			"lat": -34.153676
		},
		{
			"type": "waypoint",
			"photo": "003_pxl_20220129_015951883.jpg",
			"description": "Lorem ipsum dolor sit amet.",
			"lon": 151.098603,
			"lat": -34.152187
		},
		{
			"type": "waypoint",
			"photo": "003_pxl_20220129_020004154.jpg",
			"description": "Lorem ipsum dolor sit amet.",
			"lon": 151.098667,
			"lat": -34.152229
		},
		{
			"type": "waypoint",
			"photo": "003_pxl_20220129_020302925.jpg",
			"description": "Lorem ipsum dolor sit amet.",
			"lon": 151.10055699999998,
			"lat": -34.152975
		},
		{
			"type": "waypoint",
			"photo": "003_pxl_20220129_021316512.jpg",
			"description": "Lorem ipsum dolor sit amet.",
			"lon": 151.106925,
			"lat": -34.149796
		},
		{
			"type": "waypoint",
			"photo": "003_pxl_20220129_022242687.jpg",
			"description": "Lorem ipsum dolor sit amet.",
			"lon": 151.109276,
			"lat": -34.145508
		},
		{
			"type": "waypoint",
			"photo": "003_pxl_20220129_022255014.jpg",
			"description": "Lorem ipsum dolor sit amet.",
			"lon": 151.1093,
			"lat": -34.145487
		},
		{
			"type": "waypoint",
			"photo": "003_pxl_20220129_023344046.jpg",
			"description": "Lorem ipsum dolor sit amet.",
			"lon": 151.115816,
			"lat": -34.14382899990262
		},
		{
			"type": "waypoint",
			"photo": "003_pxl_20220129_023632337.jpg",
			"description": "Lorem ipsum dolor sit amet.",
			"lon": 151.116867,
			"lat": -34.142901
		},
		{
			"type": "waypoint",
			"photo": "003_pxl_20220129_024013243.jpg",
			"description": "Lorem ipsum dolor sit amet.",
			"lon": 151.116751,
			"lat": -34.140890999999996
		},
		{
			"type": "waypoint",
			"photo": "003_pxl_20220129_024219427.jpg",
			"description": "Lorem ipsum dolor sit amet.",
			"lon": 151.11646300011145,
			"lat": -34.140137
		},
		{
			"type": "waypoint",
			"photo": "003_pxl_20220129_024513253.jpg",
			"description": "Lorem ipsum dolor sit amet.",
			"lon": 151.11421099999998,
			"lat": -34.139395
		},
		{
			"type": "waypoint",
			"photo": "003_pxl_20220129_024635049.jpg",
			"description": "Lorem ipsum dolor sit amet.",
			"lon": 151.11495399999998,
			"lat": -34.138925
		},
		{
			"type": "waypoint",
			"photo": "003_pxl_20220129_024714375.jpg",
			"description": "Lorem ipsum dolor sit amet.",
			"lon": 151.115105,
			"lat": -34.138697
		},
		{
			"type": "waypoint",
			"photo": "003_pxl_20220129_024841312.jpg",
			"description": "Lorem ipsum dolor sit amet.",
			"lon": 151.114552,
			"lat": -34.138065
		},
		{
			"type": "waypoint",
			"photo": "003_pxl_20220129_025020280_pano.jpg",
			"description": "Lorem ipsum dolor sit amet.",
			"lon": 151.114823,
			"lat": -34.137266
		},
		{
			"type": "waypoint",
			"photo": "003_pxl_20220129_025402268.jpg",
			"description": "Lorem ipsum dolor sit amet.",
			"lon": 151.11410999999998,
			"lat": -34.137217
		},
		{
			"type": "waypoint",
			"photo": "003_pxl_20220129_025516733_pano.jpg",
			"description": "Lorem ipsum dolor sit amet.",
			"lon": 151.11463799999999,
			"lat": -34.137097
		},
		{
			"type": "waypoint",
			"photo": "003_pxl_20220129_025553291.jpg",
			"description": "Lorem ipsum dolor sit amet.",
			"lon": 151.114399,
			"lat": -34.137129
		},
		{
			"type": "waypoint",
			"photo": "003_pxl_20220129_025713578.jpg",
			"description": "Lorem ipsum dolor sit amet.",
			"lon": 151.11450399999998,
			"lat": -34.13659
		},
		{
			"type": "waypoint",
			"photo": "003_pxl_20220129_030435229.jpg",
			"description": "Lorem ipsum dolor sit amet.",
			"lon": 151.115149,
			"lat": -34.132188
		},
		{
			"type": "waypoint",
			"photo": "003_pxl_20220129_030444201.jpg",
			"description": "Lorem ipsum dolor sit amet.",
			"lon": 151.11520199999998,
			"lat": -34.13221699990053
		},
		{
			"type": "waypoint",
			"photo": "003_pxl_20220129_030655837.jpg",
			"description": "Lorem ipsum dolor sit amet.",
			"lon": 151.116635,
			"lat": -34.132503
		},
		{
			"type": "waypoint",
			"photo": "003_pxl_20220129_030923801.jpg",
			"description": "Lorem ipsum dolor sit amet.",
			"lon": 151.117757,
			"lat": -34.132532
		},
		{
			"type": "waypoint",
			"photo": "003_pxl_20220129_031544921.jpg",
			"description": "Lorem ipsum dolor sit amet.",
			"lon": 151.121561,
			"lat": -34.130247
		},
		{
			"type": "waypoint",
			"photo": "003_pxl_20220129_031830531.jpg",
			"description": "Lorem ipsum dolor sit amet.",
			"lon": 151.123838,
			"lat": -34.13074699991367
		},
		{
			"type": "waypoint",
			"photo": "003_pxl_20220129_032648394.jpg",
			"description": "Lorem ipsum dolor sit amet.",
			"lon": 151.12946100000002,
			"lat": -34.12962
		},
		{
			"type": "waypoint",
			"photo": "003_pxl_20220129_032809078.jpg",
			"description": "Lorem ipsum dolor sit amet.",
			"lon": 151.129996,
			"lat": -34.129251000000004
		},
		{
			"type": "waypoint",
			"photo": "003_pxl_20220129_033943561.jpg",
			"description": "Lorem ipsum dolor sit amet.",
			"lon": 151.13507099999998,
			"lat": -34.123928
		},
		{
			"type": "waypoint",
			"photo": "003_pxl_20220129_034037272_pano.jpg",
			"description": "Lorem ipsum dolor sit amet.",
			"lon": 151.135332,
			"lat": -34.123753
		},
		{
			"type": "waypoint",
			"photo": "003_pxl_20220129_034346517.jpg",
			"description": "Lorem ipsum dolor sit amet.",
			"lon": 151.13567799999998,
			"lat": -34.121989
		},
		{
			"type": "waypoint",
			"photo": "003_pxl_20220129_034401098_pano.jpg",
			"description": "Lorem ipsum dolor sit amet.",
			"lon": 151.13566899999998,
			"lat": -34.12196
		},
		{
			"type": "waypoint",
			"photo": "003_pxl_20220129_034642881.jpg",
			"description": "Lorem ipsum dolor sit amet.",
			"lon": 151.135121,
			"lat": -34.120728
		},
		{
			"type": "waypoint",
			"photo": "003_pxl_20220129_034819966_pano.jpg",
			"description": "Lorem ipsum dolor sit amet.",
			"lon": 151.13552099999998,
			"lat": -34.120126
		},
		{
			"type": "waypoint",
			"photo": "003_pxl_20220129_034831019.jpg",
			"description": "Lorem ipsum dolor sit amet.",
			"lon": 151.135602,
			"lat": -34.120067
		},
		{
			"type": "waypoint",
			"photo": "003_pxl_20220129_035156549.jpg",
			"description": "Lorem ipsum dolor sit amet.",
			"lon": 151.137676,
			"lat": -34.118756
		},
		{
			"type": "waypoint",
			"photo": "003_pxl_20220129_035214100.jpg",
			"description": "Lorem ipsum dolor sit amet.",
			"lon": 151.137758,
			"lat": -34.118618
		},
		{
			"type": "waypoint",
			"photo": "003_pxl_20220129_035402895.jpg",
			"description": "Lorem ipsum dolor sit amet.",
			"lon": 151.138995,
			"lat": -34.118117
		},
		{
			"type": "waypoint",
			"photo": "003_pxl_20220129_035827037.jpg",
			"description": "Lorem ipsum dolor sit amet.",
			"lon": 151.14099199999998,
			"lat": -34.116106
		},
		{
			"type": "waypoint",
			"photo": "003_pxl_20220129_040150392.jpg",
			"description": "Lorem ipsum dolor sit amet.",
			"lon": 151.14325599999998,
			"lat": -34.115951
		},
		{
			"type": "waypoint",
			"photo": "003_pxl_20220129_040218124_pano.jpg",
			"description": "Lorem ipsum dolor sit amet.",
			"lon": 151.143294,
			"lat": -34.115968
		},
		{
			"type": "waypoint",
			"photo": "003_pxl_20220129_040359356.jpg",
			"description": "Lorem ipsum dolor sit amet.",
			"lon": 151.143618,
			"lat": -34.116344
		},
		{
			"type": "waypoint",
			"photo": "003_pxl_20220129_040648285.jpg",
			"description": "Lorem ipsum dolor sit amet.",
			"lon": 151.145132,
			"lat": -34.116168
		},
		{
			"type": "waypoint",
			"photo": "003_pxl_20220129_040824836.jpg",
			"description": "Lorem ipsum dolor sit amet.",
			"lon": 151.14588999999998,
			"lat": -34.116040999847584
		},
		{
			"type": "waypoint",
			"photo": "003_pxl_20220129_040932457.jpg",
			"description": "Lorem ipsum dolor sit amet.",
			"lon": 151.146483,
			"lat": -34.115849000000004
		},
		{
			"type": "waypoint",
			"photo": "003_pxl_20220129_040959608.jpg",
			"description": "Lorem ipsum dolor sit amet.",
			"lon": 151.146674,
			"lat": -34.115929
		},
		{
			"type": "waypoint",
			"photo": "003_pxl_20220129_041009468.jpg",
			"description": "Lorem ipsum dolor sit amet.",
			"lon": 151.14667899988788,
			"lat": -34.115942000000004
		},
		{
			"type": "waypoint",
			"photo": "003_pxl_20220129_041154131.jpg",
			"description": "Lorem ipsum dolor sit amet.",
			"lon": 151.147402,
			"lat": -34.115902
		},
		{
			"type": "waypoint",
			"photo": "003_pxl_20220129_041559154.jpg",
			"description": "Lorem ipsum dolor sit amet.",
			"lon": 151.149229,
			"lat": -34.113725
		},
		{
			"type": "waypoint",
			"photo": "003_pxl_20220129_041658360.jpg",
			"description": "Lorem ipsum dolor sit amet.",
			"lon": 151.149856,
			"lat": -34.1136
		},
		{
			"type": "waypoint",
			"photo": "003_pxl_20220129_042210918.jpg",
			"description": "Lorem ipsum dolor sit amet.",
			"lon": 151.150701,
			"lat": -34.11036899989722
		},
		{
			"type": "waypoint",
			"photo": "003_pxl_20220129_042350975.jpg",
			"description": "Lorem ipsum dolor sit amet.",
			"lon": 151.151419,
			"lat": -34.109609
		},
		{
			"type": "waypoint",
			"photo": "003_pxl_20220129_042441421.jpg",
			"description": "Lorem ipsum dolor sit amet.",
			"lon": 151.151904,
			"lat": -34.109368
		},
		{
			"type": "waypoint",
			"photo": "003_pxl_20220129_042504065.jpg",
			"description": "Lorem ipsum dolor sit amet.",
			"lon": 151.152119,
			"lat": -34.10929
		},
		{
			"type": "waypoint",
			"photo": "003_pxl_20220129_042521270.jpg",
			"description": "Lorem ipsum dolor sit amet.",
			"lon": 151.152244,
			"lat": -34.109140000000004
		},
		{
			"type": "waypoint",
			"photo": "003_pxl_20220129_042841498.jpg",
			"description": "Lorem ipsum dolor sit amet.",
			"lon": 151.15348,
			"lat": -34.107252
		},
		{
			"type": "waypoint",
			"photo": "003_pxl_20220129_042959493.jpg",
			"description": "Lorem ipsum dolor sit amet.",
			"lon": 151.15345100000002,
			"lat": -34.106359000000005
		},
		{
			"type": "waypoint",
			"photo": "003_pxl_20220129_043220886.jpg",
			"description": "Lorem ipsum dolor sit amet.",
			"lon": 151.154733,
			"lat": -34.105483
		},
		{
			"type": "waypoint",
			"photo": "003_pxl_20220129_043528823.jpg",
			"description": "Lorem ipsum dolor sit amet.",
			"lon": 151.155824,
			"lat": -34.103919000000005
		},
		{
			"type": "waypoint",
			"photo": "003_pxl_20220129_043603162.jpg",
			"description": "Lorem ipsum dolor sit amet.",
			"lon": 151.15582,
			"lat": -34.103673
		},
		{
			"type": "waypoint",
			"photo": "003_pxl_20220129_044713384.jpg",
			"description": "Lorem ipsum dolor sit amet.",
			"lon": 151.157289,
			"lat": -34.099491
		},
		{
			"type": "waypoint",
			"photo": "003_pxl_20220129_045141839.jpg",
			"description": "Lorem ipsum dolor sit amet.",
			"lon": 151.160233,
			"lat": -34.09840300011859
		},
		{
			"type": "waypoint",
			"photo": "003_pxl_20220129_045257330.jpg",
			"description": "Lorem ipsum dolor sit amet.",
			"lon": 151.16089900007464,
			"lat": -34.097829000000004
		},
		{
			"type": "waypoint",
			"photo": "003_pxl_20220129_045555925.jpg",
			"description": "Lorem ipsum dolor sit amet.",
			"lon": 151.16153400000002,
			"lat": -34.096776000000006
		},
		{
			"type": "waypoint",
			"photo": "003_pxl_20220129_045723833.jpg",
			"description": "Lorem ipsum dolor sit amet.",
			"lon": 151.16079100000002,
			"lat": -34.096082
		},
		{
			"type": "waypoint",
			"photo": "003_pxl_20220129_050236746.jpg",
			"description": "Lorem ipsum dolor sit amet.",
			"lon": 151.157687,
			"lat": -34.093371000000005
		},
		{
			"type": "waypoint",
			"photo": "003_pxl_20220129_050321769.jpg",
			"description": "Lorem ipsum dolor sit amet.",
			"lon": 151.157705,
			"lat": -34.092914
		},
		{
			"type": "waypoint",
			"photo": "003_pxl_20220129_050435392.jpg",
			"description": "Lorem ipsum dolor sit amet.",
			"lon": 151.157438,
			"lat": -34.092042
		},
		{
			"type": "waypoint",
			"photo": "003_pxl_20220129_050502154.jpg",
			"description": "Lorem ipsum dolor sit amet.",
			"lon": 151.157287,
			"lat": -34.09182899993229
		},
		{
			"type": "waypoint",
			"photo": "003_pxl_20220129_050633077.jpg",
			"description": "Lorem ipsum dolor sit amet.",
			"lon": 151.156674,
			"lat": -34.091386
		},
		{
			"type": "waypoint",
			"photo": "003_pxl_20220129_051500756.jpg",
			"description": "Lorem ipsum dolor sit amet.",
			"lon": 151.155769,
			"lat": -34.086251000000004
		},
		{
			"type": "waypoint",
			"photo": "003_pxl_20220129_051631801.jpg",
			"description": "Lorem ipsum dolor sit amet.",
			"lon": 151.154711,
			"lat": -34.085935
		},
		{
			"type": "waypoint",
			"photo": "003_pxl_20220129_051705677.jpg",
			"description": "Lorem ipsum dolor sit amet.",
			"lon": 151.154446,
			"lat": -34.085639
		},
		{
			"type": "waypoint",
			"photo": "003_pxl_20220129_051932749.jpg",
			"description": "Lorem ipsum dolor sit amet.",
			"lon": 151.15471,
			"lat": -34.083953
		},
		{
			"type": "waypoint",
			"photo": "003_pxl_20220129_052051116.jpg",
			"description": "Lorem ipsum dolor sit amet.",
			"lon": 151.153995,
			"lat": -34.083804
		},
		{
			"type": "waypoint",
			"photo": "003_pxl_20220129_052247981.jpg",
			"description": "Lorem ipsum dolor sit amet.",
			"lon": 151.15236000000002,
			"lat": -34.083798
		},
		{
			"type": "waypoint",
			"photo": "003_pxl_20220129_052351783.jpg",
			"description": "Lorem ipsum dolor sit amet.",
			"lon": 151.15165000000002,
			"lat": -34.083877
		},
		{
			"type": "waypoint",
			"photo": "003_pxl_20220129_053453755_pano.jpg",
			"description": "Lorem ipsum dolor sit amet.",
			"lon": 151.151224,
			"lat": -34.083114
		},
		{
			"type": "waypoint",
			"photo": "003_pxl_20220129_053512741.jpg",
			"description": "Lorem ipsum dolor sit amet.",
			"lon": 151.151162,
			"lat": -34.083017000000005
		},
		{
			"type": "waypoint",
			"photo": "003_pxl_20220129_053535695.jpg",
			"description": "Lorem ipsum dolor sit amet.",
			"lon": 151.15108800000002,
			"lat": -34.082860000000004
		},
		{
			"location": "Bundeena",
			"type": "ferry",
			"photo": "003_pxl_20220129_055842077.jpg",
			"description": "Transport from this location: <a href=\"https://transportnsw.info/trip#/?from=Bundeena&to=Cronulla\">transportnsw.info</a>",
			"lon": 151.150713,
			"lat": -34.082705000000004
		},
		{
			"type": "waypoint",
			"photo": "003_pxl_20220129_060436083.jpg",
			"description": "Lorem ipsum dolor sit amet.",
			"lon": 151.14890599999998,
			"lat": -34.081022000000004
		},
		{
			"type": "waypoint",
			"photo": "003_pxl_20220129_062321640.jpg",
			"description": "Lorem ipsum dolor sit amet.",
			"lon": 151.150286,
			"lat": -34.055713
		},
		{
			"type": "waypoint",
			"photo": "003_pxl_20220129_062335831.jpg",
			"description": "Lorem ipsum dolor sit amet.",
			"lon": 151.15039000000002,
			"lat": -34.055619
		},
		{
			"type": "waypoint",
			"photo": "003_pxl_20220129_062444945.jpg",
			"description": "Lorem ipsum dolor sit amet.",
			"lon": 151.15094200000001,
			"lat": -34.055015999999995
		},
		{
			"location": "Cronulla",
			"type": "train",
			"photo": "003_pxl_20220129_062547024.jpg",
			"description": "Get the train to Cronulla and ferry to Bundeena using <a href=\"https://transportnsw.info/trip#/?from=Cronulla\">transportnsw.info</a>.",
			"lon": 151.151371,
			"lat": -34.055287
		}
	]
}